# Created by Redirection
# Sun, 23 Oct 2022 19:30:07 +0000
# Redirection 5.3.4 - https://redirection.me

<IfModule mod_rewrite.c>
RewriteRule ^soft/xml/libxmldiff/libxmldiff_en\.php3$ /libxmldiff/ [R=301,L]
RewriteRule ^soft/xml/xmltreenav/xmltreenav_en\.php3$ /xmltreenav-en/ [R=301,L]
RewriteRule ^soft/rphoto/rphoto_en\.php3$ /rphoto-en/ [R=301,L]
RewriteRule ^soft/rphoto/rphoto\.php3$ /rphoto/ [R=301,L]
RewriteRule ^cv/cv_en\.php3$ /cv-en/ [R=301,L]
RewriteRule ^cv/cv\.php3$ /cv/ [R=301,L]
RewriteRule ^soft/xml/xmltreenav/help_en\.html$ /xmltreenav/ [R=301,L]
RewriteRule ^ecp/tpi/rapport/yuv\.html$ /?p=2108 [R=301,L]
RewriteRule ^soft/other/other_en\.php3$ /?p=2199 [R=301,L]
RewriteRule ^soft/misc/putty_suspend/putty_suspend_en\.php3$ /?p=2195 [R=301,L]
RewriteRule ^soft/xml/xmldiff/xmldiff_en\.php3$ /libxmldiff/ [R=301,L]
RewriteRule ^soft/xml/xmldiff/xmldiff2_en\.php3$ /libxmldiff/ [R=301,L]
RewriteRule ^soft/misc/chronometer/chronometer_en\.php3$ /?p=2184 [R=301,L]
RewriteRule ^perso/2005-perou/2005-perou\.html$ /2006/01/2005-perou/ [R=301,L]
RewriteRule ^perso/2004-japon/2004-japon\.html$ /?p=2141 [R=301,L]
RewriteRule ^blog\.php3$ /blog/ [R=301,L]
RewriteRule ^soft/gimp/gimp_plugin_en\.php3$ /?p=2179 [R=301,L]
RewriteRule ^soft/gimp/gimp_plugin\.php3$ /?p=2178 [R=301,L]
RewriteRule ^soft/gimp/gimp_devpack_en\.php3$ /?p=2177 [R=301,L]
RewriteRule ^soft/rphoto/manual/help_en\.html$ /rphoto-en/ [R=301,L]
RewriteRule ^soft/rphoto/manual/help_fr\.html$ /rphoto/ [R=301,L]
RewriteRule ^soft/misc/guiit/guiit_en\.html$ /?p=2187 [R=301,L]
RewriteRule ^soft/misc/m341ed/m341ed\.html$ /?p=2194 [R=301,L]
RewriteRule ^divers/divers\.php3$ /category/divers/ [R=301,L]
RewriteRule ^echecs/position\.php3$ /2004/11/echecs/ [R=301,L]
RewriteRule ^echecs/motscroises\.php3$ /?p=2099 [R=301,L]
RewriteRule ^win/ooovirg/ooovirg\.php3$ /?p=2233 [R=301,L]
RewriteRule ^win/ooovirg/ooovirg_en\.php3$ /?p=2234 [R=301,L]
RewriteRule ^soft/misc/chrono/compteur\.html$ /?p=2183 [R=301,L]
RewriteRule ^soft/rphoto/wxrecttracker/index_en\.php3$ /?p=2205 [R=301,L]
RewriteRule ^ecp/tpi/rapport/yuv$ -%202008-03-01.html [R=301,L]
RewriteRule ^ecp/tpi/rapport/fourier\.html$ /?p=2106 [R=301,L]
RewriteRule ^prog/imode/imode\.php3$ /?p=2151 [R=301,L]
RewriteRule ^soft/misc/guiit/guiit_en\.php3$ /?p=2187 [R=301,L]
RewriteRule ^soft/misc/guiit/guiit\.php3$ /?p=2185 [R=301,L]
RewriteRule ^prog/scripts/scripts\.php3$ /?p=2163 [R=301,L]
RewriteRule ^prog/scripts/scripts_en\.php3$ /?p=2164 [R=301,L]
RewriteRule ^perso/2005-perou/2005-perou\.php3$ /2006/01/2005-perou/ [R=301,L]
RewriteRule ^prog/info_en\.php3$ /category/IT/ [R=301,L]
RewriteRule ^prog/info\.php3$ /category/informatique/ [R=301,L]
RewriteRule ^soft/patchs/patchs_en\.php3$ /404-old-site/ [R=301,L]
RewriteRule ^perso/2004-japon/2004-japon\.php3$ /2005/06/2004-japon/ [R=301,L]
RewriteRule ^ecp/tpi/tpi\.php3$ /?p=2109 [R=301,L]
RewriteRule ^ecp/tpi/gimp_plugin_en\.php3$ /?p=2105 [R=301,L]
RewriteRule ^soft/xml/xmldiff/xmldiff1_en\.php3$ /?p=2222 [R=301,L]
RewriteRule ^divers/cdiscount/cdiscount\.php3$ /?p=2088 [R=301,L]
RewriteRule ^calc/calc\.php3$ /category/informatique/calc/ [R=301,L]
RewriteRule ^calc/calc_en\.php3$ /category/informatique/calc/ [R=301,L]
RewriteRule ^calc/casio/casio\.php3$ /?p=2047 [R=301,L]
RewriteRule ^calc/casio/casio_en\.php3$ /?p=2047 [R=301,L]
RewriteRule ^calc/casio/cheval\.php3$ /?p=2049 [R=301,L]
RewriteRule ^calc/casio/cheval_en\.php3$ /?p=2049 [R=301,L]
RewriteRule ^calc/casio/demineur\.php3$ /?p=2051 [R=301,L]
RewriteRule ^calc/casio/demineur_en\.php3$ /?p=2051 [R=301,L]
RewriteRule ^calc/casio/fxi\.php3$ /2004/11/casio/ [R=301,L]
RewriteRule ^calc/casio/fxi_en\.php3$ /2004/11/casio/ [R=301,L]
RewriteRule ^calc/casio/instr\.php3$ /2004/11/casio/ [R=301,L]
RewriteRule ^calc/casio/instr_en\.php3$ /2004/11/casio/ [R=301,L]
RewriteRule ^calc/casio/jeux1\.php3$ /?p=2057 [R=301,L]
RewriteRule ^calc/casio/jeux1_en\.php3$ /?p=2057 [R=301,L]
RewriteRule ^calc/casio/labymast\.php3$ /?p=2059 [R=301,L]
RewriteRule ^calc/casio/labymast_en\.php3$ /?p=2059 [R=301,L]
RewriteRule ^calc/casio/master\.php3$ /?p=2061 [R=301,L]
RewriteRule ^calc/casio/master_en\.php3$ /?p=2061 [R=301,L]
RewriteRule ^calc/casio/math_div\.php3$ /?p=2063 [R=301,L]
RewriteRule ^calc/casio/math_div_en\.php3$ /?p=2063 [R=301,L]
RewriteRule ^calc/casio/menu\.php3$ /?p=2065 [R=301,L]
RewriteRule ^calc/casio/menu_en\.php3$ /?p=2065 [R=301,L]
RewriteRule ^calc/casio/poker\.php3$ /?p=2067 [R=301,L]
RewriteRule ^calc/casio/poker_en\.php3$ /?p=2067 [R=301,L]
RewriteRule ^calc/casio/prgdiv1\.php3$ /?p=2069 [R=301,L]
RewriteRule ^calc/casio/prgdiv1_en\.php3$ /?p=2069 [R=301,L]
RewriteRule ^calc/casio/puissan4\.php3$ /?p=2071 [R=301,L]
RewriteRule ^calc/casio/puissan4_en\.php3$ /?p=2071 [R=301,L]
RewriteRule ^calc/casio/runtimes\.php3$ /?p=2073 [R=301,L]
RewriteRule ^calc/casio/runtimes_en\.php3$ /?p=2073 [R=301,L]
RewriteRule ^calc/casio/triboum\.php3$ /?p=2075 [R=301,L]
RewriteRule ^calc/casio/triboum_en\.php3$ /?p=2075 [R=301,L]
RewriteRule ^calc/ti/kwirk\.php3$ /?p=2077 [R=301,L]
RewriteRule ^calc/ti/kwirk_en\.php3$ /?p=2077 [R=301,L]
RewriteRule ^calc/ti/progs\.php3$ /2004/11/ti/ [R=301,L]
RewriteRule ^calc/ti/progs_en\.php3$ /2004/11/ti/ [R=301,L]
RewriteRule ^calc/ti/ti\.php3$ /?p=2081 [R=301,L]
RewriteRule ^calc/ti/ti_en\.php3$ /?p=2081 [R=301,L]
RewriteRule ^divers/news/news\.php3$ /?p=2090 [R=301,L]
RewriteRule ^divers/via/form_adminnt_clean\.php3$ /?p=2091 [R=301,L]
RewriteRule ^divers/via/form_respform\.php3$ /?p=2092 [R=301,L]
RewriteRule ^divers/via/form_select\.php3$ /tag/via/ [R=301,L]
RewriteRule ^divers/virus/virus\.php3$ /?p=2094 [R=301,L]
RewriteRule ^divers/virus/virus_en\.php3$ /?p=2095 [R=301,L]
RewriteRule ^echecs/aff_echiquier\.php3$ /?p=2096 [R=301,L]
RewriteRule ^echecs/demo\.inc\.php3$ /?p=2097 [R=301,L]
RewriteRule ^echecs/echecs\.php3$ /?p=2098 [R=301,L]
RewriteRule ^echecs/retrograde\.inc\.php3$ /?p=2101 [R=301,L]
RewriteRule ^ecp/ecp\.php3$ /tag/ecp/ [R=301,L]
RewriteRule ^elec/cables/cablecasio\.php3$ /?p=2110 [R=301,L]
RewriteRule ^elec/cables/cablecasio_en\.php3$ /?p=2110 [R=301,L]
RewriteRule ^elec/cables/cableti\.php3$ /?p=2112 [R=301,L]
RewriteRule ^elec/cables/cableti_en\.php3$ /?p=2113 [R=301,L]
RewriteRule ^elec/elec\.php3$ /tag/elec/ [R=301,L]
RewriteRule ^elec/elec_en\.php3$ /tag/elec/ [R=301,L]
RewriteRule ^elec/ir/recepteurinfrarouge\.php3$ /?p=2116 [R=301,L]
RewriteRule ^elec/ir/recepteurinfrarouge_en\.php3$ /?p=2117 [R=301,L]
RewriteRule ^linux/config/config\.php3$ /?p=2123 [R=301,L]
RewriteRule ^linux/config/config_en\.php3$ /?p=2124 [R=301,L]
RewriteRule ^linux/ipfm\.php3$ /?p=2125 [R=301,L]
RewriteRule ^linux/ipfm_en\.php3$ /?p=2126 [R=301,L]
RewriteRule ^linux/linux\.php3$ /tag/linux/ [R=301,L]
RewriteRule ^linux/linux_en\.php3$ /tag/linux/ [R=301,L]
RewriteRule ^linux/sottf/sottf\.php3$ /?p=2129 [R=301,L]
RewriteRule ^linux/sottf/sottf_en\.php3$ /?p=2130 [R=301,L]
RewriteRule ^linux/sovirgule\.php3$ /?p=2131 [R=301,L]
RewriteRule ^linux/sovirgule_en\.php3$ /?p=2132 [R=301,L]
RewriteRule ^linux/win/netscape\.php3$ /?p=2133 [R=301,L]
RewriteRule ^linux/win/netscape_en\.php3$ /?p=2134 [R=301,L]
RewriteRule ^linux/win/win\.php3$ /category/IT/ [R=301,L]
RewriteRule ^linux/win/win_en\.php3$ /category/IT/ [R=301,L]
RewriteRule ^marees/badidea\.php3$ /?p=2139 [R=301,L]
RewriteRule ^marees/dls\.php3$ /?p=2139 [R=301,L]
RewriteRule ^marees/marees\.php3$ /?p=2139 [R=301,L]
RewriteRule ^marees/maretud\.php3$ /?p=2139 [R=301,L]
RewriteRule ^perso\.php3$ /?p=2145 [R=301,L]
RewriteRule ^prog/algo\.php3$ /?p=2146 [R=301,L]
RewriteRule ^prog/asm\.php3$ /?p=2147 [R=301,L]
RewriteRule ^prog/c\.php3$ /tag/prog/ [R=301,L]
RewriteRule ^prog/caml\.php3$ /?p=2149 [R=301,L]
RewriteRule ^prog/delphi\.php3$ /?p=2150 [R=301,L]
RewriteRule ^prog/java\.php3$ /tag/prog/ [R=301,L]
RewriteRule ^prog/kwirk/kwirk\.php3$ /?p=2155 [R=301,L]
RewriteRule ^prog/kwirk/kwirk_en\.php3$ /?p=2157 [R=301,L]
RewriteRule ^prog/laby/laby\.php3$ /?p=2158 [R=301,L]
RewriteRule ^prog/langage\.php3$ /tag/prog/ [R=301,L]
RewriteRule ^prog/pascal\.php3$ /?p=2161 [R=301,L]
RewriteRule ^prog/prog\.php3$ /tag/prog/ [R=301,L]
RewriteRule ^prog/scripts/weblog\.php3$ /404-old-site/ [R=301,L]
RewriteRule ^prog/site\.php3$ /?p=2166 [R=301,L]
RewriteRule ^prog/site_en\.php3$ /?p=2167 [R=301,L]
RewriteRule ^prog/web\.php3$ /?p=2169 [R=301,L]
RewriteRule ^projets/projets\.php3$ /tag/prog [R=301,L]
RewriteRule ^projets/projets_en\.php3$ /tag/prog [R=301,L]
RewriteRule ^ref_en\.php3$ /?p=2174 [R=301,L]
RewriteRule ^soft/dspgen/dsp_en\.php3$ /?p=2176 [R=301,L]
RewriteRule ^soft/imphoto/imphoto\.php3$ /?p=2180 [R=301,L]
RewriteRule ^soft/imphoto/imphoto_en\.php3$ /?p=2181 [R=301,L]
RewriteRule ^soft/misc/ibeadcfg/ibeadcfg\.php3$ /?p=2188 [R=301,L]
RewriteRule ^soft/misc/ibeadcfg/ibeadcfg_en\.php3$ /?p=2189 [R=301,L]
RewriteRule ^soft/misc/im/im\.php3$ /?p=2190 [R=301,L]
RewriteRule ^soft/misc/launcher/launcher_en\.php3$ /?p=2193 [R=301,L]
RewriteRule ^soft/misc/theatre/theatre\.php3$ /?p=2196 [R=301,L]
RewriteRule ^soft/misc/ttfdumper2/ttfdumper2\.php3$ /?p=2197 [R=301,L]
RewriteRule ^soft/oldsoft\.php3$ /tag/prog/ [R=301,L]
RewriteRule ^soft/soft\.php3$ /?p=2206 [R=301,L]
RewriteRule ^soft/soft_divers\.php3$ /?p=2206 [R=301,L]
RewriteRule ^soft/soft_divers_en\.php3$ /?p=2209 [R=301,L]
RewriteRule ^soft/soft_en\.php3$ /?p=2209 [R=301,L]
RewriteRule ^soft/soft_vrac\.php3$ /?p=2206 [R=301,L]
RewriteRule ^soft/soft_vrac_en\.php3$ /?p=2209 [R=301,L]
RewriteRule ^soft/softdos\.php3$ /?p=2212 [R=301,L]
RewriteRule ^soft/softdos_en\.php3$ /?p=2213 [R=301,L]
RewriteRule ^soft/softwin\.php3$ /?p=2214 [R=301,L]
RewriteRule ^soft/softwin_en\.php3$ /?p=2215 [R=301,L]
RewriteRule ^soft/softxl\.php3$ /?p=2216 [R=301,L]
RewriteRule ^soft/softxl_en\.php3$ /?p=2217 [R=301,L]
RewriteRule ^soft/vdbatch/vdbatch\.php3$ /?p=2218 [R=301,L]
RewriteRule ^soft/vdbatch/vdbatch_en\.php3$ /?p=2219 [R=301,L]
RewriteRule ^soft/xml/xml_en\.php3$ /xmltreenav-en/ [R=301,L]
RewriteRule ^soft/xml/xmldiff/xmlprediff_en\.php3$ /?p=2225 [R=301,L]
RewriteRule ^soft/xml/xmldiff/xmltreenav_en\.php3$ /xmltreenav-en/ [R=301,L]
RewriteRule ^win/bkmtoolbar\.php3$ /?p=2229 [R=301,L]
RewriteRule ^win/bkmtoolbar_en\.php3$ /?p=2230 [R=301,L]
RewriteRule ^win/ntldr\.php3$ /?p=2231 [R=301,L]
RewriteRule ^win/ntldr_en\.php3$ /?p=2232 [R=301,L]
RewriteRule ^win/trucs\.php3$ /?p=2235 [R=301,L]
RewriteRule ^win/trucs_en\.php3$ /?p=2236 [R=301,L]
RewriteRule ^win/win\.php3$ /?p=2237 [R=301,L]
RewriteRule ^win/win_en\.php3$ /?p=2238 [R=301,L]
RewriteRule ^win/winfm/winfm\.php3$ /?p=2239 [R=301,L]
RewriteRule ^ref\.php3$ /?p=2173 [R=301,L]
RewriteRule ^soft/misc/launcher/launcher\.html$ /?p=2193 [R=301,L]
RewriteRule ^soft/misc/im/intellimenu\.html$ /?p=2190 [R=301,L]
RewriteRule ^prog/web/box/maquette_box\.html$ /?p=2168 [R=301,L]
RewriteRule ^soft/cluster\.html$ /?p=2175 [R=301,L]
RewriteRule ^divers/Office2000Tutute\.htm$ /404-old-site/ [R=301,L]
RewriteRule ^divers/Office2kTuture\.htm$ /404-old-site/ [R=301,L]
RewriteRule ^projets/ifs/dummyfs\.html$ /?p=2170 [R=301,L]
RewriteRule ^ecp/anoto\.htm$ /?p=2102 [R=301,L]
RewriteRule ^ecp/rapport_tp_unix\.html$ /?p=2104 [R=301,L]
RewriteRule ^prog/kwirk/kwirk_applet\.html$ /?p=2155 [R=301,L]
RewriteRule ^prog/laby/laby_applet\.html$ /?p=2158 [R=301,L]
RewriteRule ^soft/index~1\.htm$ /tag/prog/ [R=301,L]
RewriteRule ^soft/xml/libxmldiff/libxmldiff-0\.2\.8\.tar\.gz$ /files/old-web/soft/xml/libxmldiff/libxmldiff-0.2.8.tar.gz [R=301,L]
RewriteRule ^soft/xml/libxmldiff/libxmldiff_bin_devcpp\.zip$ /files/old-web/soft/xml/libxmldiff/libxmldiff_bin_devcpp.zip [R=301,L]
RewriteRule ^soft/xml/libxmldiff/libxmldiff_dev_devcpp\.zip$ /files/old-web/soft/xml/libxmldiff/libxmldiff_dev_devcpp.zip [R=301,L]
RewriteRule ^soft/xml/libxmldiff/libxmldiff_bin_msvc\.zip$ /files/old-web/soft/xml/libxmldiff/libxmldiff_bin_msvc.zip [R=301,L]
RewriteRule ^soft/xml/libxmldiff/libxmldiff_dev_msvc\.zip$ /files/old-web/soft/xml/libxmldiff/libxmldiff_dev_msvc.zip [R=301,L]
RewriteRule ^soft/xml/xmltreenav/xmltreenav_scr\.jpg$ /files/old-web/soft/xml/xmltreenav/xmltreenav_scr.jpg [R=301,L]
RewriteRule ^soft/xml/xmltreenav/xmltreenav_scr2\.jpg$ /files/old-web/soft/xml/xmltreenav/xmltreenav_scr2.jpg [R=301,L]
RewriteRule ^soft/xml/xmltreenav/xmltreenav_setup\.exe$ /files/old-web/soft/xml/xmltreenav/xmltreenav_setup.exe [R=301,L]
RewriteRule ^soft/xml/xmltreenav/xmltreenav_bin\.zip$ /files/old-web/soft/xml/xmltreenav/xmltreenav_bin.zip [R=301,L]
RewriteRule ^soft/xml/xmltreenav/xmltreenav_bin_light\.zip$ /files/old-web/soft/xml/xmltreenav/xmltreenav_bin_light.zip [R=301,L]
RewriteRule ^soft/xml/xmltreenav/xmltreenav_src\.tar\.gz$ /files/old-web/soft/xml/xmltreenav/xmltreenav_src.tar.gz [R=301,L]
RewriteCond %{HTTP_HOST} ^camo\.githubusercontent\.com$ [NC]
RewriteRule ^82b228a3648bf44fc1163ef44c62fcc60081495e/68747470733a2f2f73332e616d617a6f6e6177732e636f6d2f6769746875622f726962626f6e732f666f726b6d655f6c6566745f7265645f6161303030302e706e67$  [R=302,L]
RewriteRule ^soft/rphoto/rphoto_scr\.jpg$ /files/old-web/soft/rphoto/rphoto_scr.jpg [R=301,L]
RewriteRule ^soft/rphoto/rphoto_bin\.zip$ /files/old-web/soft/rphoto/rphoto_bin.zip [R=301,L]
RewriteRule ^soft/rphoto/rphoto_setup\.exe$ /files/old-web/soft/rphoto/rphoto_setup.exe [R=301,L]
RewriteRule ^soft/rphoto/rphoto_src\.tar\.gz$ /files/old-web/soft/rphoto/rphoto_src.tar.gz [R=301,L]
RewriteRule ^cv/RemiPeyronnet_cv_en\.pdf$ /files/old-web/cv/RemiPeyronnet_cv_en.pdf [R=301,L]
RewriteRule ^cv/RemiPeyronnet_cv_fr\.pdf$ /files/old-web/cv/RemiPeyronnet_cv_fr.pdf [R=301,L]
RewriteRule ^soft/other/jroseviewer/jroseviewer-bin\.zip$ /files/old-web/soft/other/jroseviewer/jroseviewer-bin.zip [R=301,L]
RewriteRule ^soft/misc/putty_suspend/putty\.exe$ /files/old-web/soft/misc/putty_suspend/putty.exe [R=301,L]
RewriteRule ^soft/misc/putty_suspend/putty_suspend\.patch$ /files/old-web/soft/misc/putty_suspend/putty_suspend.patch [R=301,L]
RewriteRule ^soft/misc/putty_suspend/putty_suspend\.zip$ /files/old-web/soft/misc/putty_suspend/putty_suspend.zip [R=301,L]
RewriteCond %{HTTP_HOST} ^jigsaw\.w3\.org$ [NC]
RewriteRule ^css-validator/images/vcss$  [R=302,L]
RewriteCond %{HTTP_HOST} ^www\.w3\.org$ [NC]
RewriteRule ^Icons/valid-xhtml10$  [R=302,L]
RewriteRule ^soft/xml/xmldiff/xmldiff_bin\.zip$ /files/old-web/soft/xml/xmldiff/xmldiff_bin.zip [R=301,L]
RewriteRule ^soft/xml/xmldiff/libxml2_win32_dll\.zip$ /files/old-web/soft/xml/xmldiff/libxml2_win32_dll.zip [R=301,L]
RewriteRule ^soft/xml/xmldiff/xmldiff2_bin\.zip$ /files/old-web/soft/xml/xmldiff/xmldiff2_bin.zip [R=301,L]
RewriteRule ^soft/xml/xmldiff/xmldiff2_src\.zip$ /files/old-web/soft/xml/xmldiff/xmldiff2_src.zip [R=301,L]
RewriteRule ^soft/misc/chronometer/chronometer_scr\.jpg$ /files/old-web/soft/misc/chronometer/chronometer_scr.jpg [R=301,L]
RewriteRule ^soft/misc/chronometer/chronometer_bin\.zip$ /files/old-web/soft/misc/chronometer/chronometer_bin.zip [R=301,L]
RewriteRule ^soft/misc/chronometer/chronometer_src\.zip$ /files/old-web/soft/misc/chronometer/chronometer_src.zip [R=301,L]
RewriteCond %{HTTP_HOST} ^gallery\.lprp\.fr$ [NC]
RewriteRule ^albums/2005-Perou_Pratique/2005_10_22_Perou_Passeport_Perou\.thumb\.jpg$  [R=302,L]
RewriteCond %{HTTP_HOST} ^gallery\.lprp\.fr$ [NC]
RewriteRule ^albums/2005-Perou_Lima_Musees/Perou_20050828_141138\.thumb\.jpg$  [R=302,L]
RewriteCond %{HTTP_HOST} ^gallery\.lprp\.fr$ [NC]
RewriteRule ^albums/2005-Perou_Lima_Musees/Perou_20050828_142355\.thumb\.jpg$  [R=302,L]
RewriteCond %{HTTP_HOST} ^gallery\.lprp\.fr$ [NC]
RewriteRule ^albums/2005-Perou_Lima_Rosa/Perou_20050829_154206\.thumb\.jpg$  [R=302,L]
RewriteCond %{HTTP_HOST} ^gallery\.lprp\.fr$ [NC]
RewriteRule ^albums/2005-Perou_Lima_Rosa/Perou_20050829_153823\.thumb\.jpg$  [R=302,L]
RewriteCond %{HTTP_HOST} ^gallery\.lprp\.fr$ [NC]
RewriteRule ^albums/2005-Perou_Lima_Miraflores/Perou_20050830_120500\.thumb\.jpg$  [R=302,L]
RewriteCond %{HTTP_HOST} ^gallery\.lprp\.fr$ [NC]
RewriteRule ^albums/2005-Perou_Lima_Miraflores/Perou_20050830_122308\.thumb\.jpg$  [R=302,L]
RewriteCond %{HTTP_HOST} ^gallery\.lprp\.fr$ [NC]
RewriteRule ^albums/2005-Perou_Huacca_Oasis/Perou_20050901_091553\.thumb\.jpg$  [R=302,L]
RewriteCond %{HTTP_HOST} ^gallery\.lprp\.fr$ [NC]
RewriteRule ^albums/2005-Perou_Huacca_Oasis/Perou_20050901_091631\.thumb\.jpg$  [R=302,L]
RewriteCond %{HTTP_HOST} ^gallery\.lprp\.fr$ [NC]
RewriteRule ^albums/2005-Perou_Huacca_Sand/Perou_20050901_114428\.thumb\.jpg$  [R=302,L]
RewriteCond %{HTTP_HOST} ^gallery\.lprp\.fr$ [NC]
RewriteRule ^albums/2005-Perou_Huacca_Musee/Perou_20050901_161418\.thumb\.jpg$  [R=302,L]
RewriteCond %{HTTP_HOST} ^gallery\.lprp\.fr$ [NC]
RewriteRule ^albums/2005-Perou_Huacca_Bodegas/Perou_20050902_101556\.thumb\.jpg$  [R=302,L]
RewriteCond %{HTTP_HOST} ^gallery\.lprp\.fr$ [NC]
RewriteRule ^albums/2005-Perou_Huacca_Bodegas/Perou_20050902_113205\.thumb\.jpg$  [R=302,L]
RewriteCond %{HTTP_HOST} ^gallery\.lprp\.fr$ [NC]
RewriteRule ^albums/2005-Perou_Nazca/Perou_20050903_181829\.thumb\.jpg$  [R=302,L]
RewriteCond %{HTTP_HOST} ^gallery\.lprp\.fr$ [NC]
RewriteRule ^albums/2005-Perou_Nazca_Lignes/Perou_20050903_093948\.thumb\.jpg$  [R=302,L]
RewriteCond %{HTTP_HOST} ^gallery\.lprp\.fr$ [NC]
RewriteRule ^albums/2005-Perou_Nazca_Lignes/Perou_20050903_101249\.thumb\.jpg$  [R=302,L]
RewriteCond %{HTTP_HOST} ^gallery\.lprp\.fr$ [NC]
RewriteRule ^albums/2005-Perou_Nazca_Chauchilla/Perou_20050903_160247\.thumb\.jpg$  [R=302,L]
RewriteCond %{HTTP_HOST} ^gallery\.lprp\.fr$ [NC]
RewriteRule ^albums/2005-Perou_Arequipa/Perou_20050904_180603\.thumb\.jpg$  [R=302,L]
RewriteCond %{HTTP_HOST} ^gallery\.lprp\.fr$ [NC]
RewriteRule ^albums/2005-Perou_Arequipa/Perou_20050904_170335\.thumb\.jpg$  [R=302,L]
RewriteCond %{HTTP_HOST} ^gallery\.lprp\.fr$ [NC]
RewriteRule ^albums/2005-Perou_Colca/Perou_20050905_121223\.thumb\.jpg$  [R=302,L]
RewriteCond %{HTTP_HOST} ^gallery\.lprp\.fr$ [NC]
RewriteRule ^albums/2005-Perou_Colca/Perou_20050905_131520\.thumb\.jpg$  [R=302,L]
RewriteCond %{HTTP_HOST} ^gallery\.lprp\.fr$ [NC]
RewriteRule ^albums/2005-Perou_Colca/Perou_20050906_092811\.thumb\.jpg$  [R=302,L]
RewriteCond %{HTTP_HOST} ^gallery\.lprp\.fr$ [NC]
RewriteRule ^albums/2005-Perou_Colca/Perou_20050906_093019\.thumb\.jpg$  [R=302,L]
RewriteCond %{HTTP_HOST} ^gallery\.lprp\.fr$ [NC]
RewriteRule ^albums/2005-Perou_Colca/Perou_20050906_100734\.thumb\.jpg$  [R=302,L]
RewriteCond %{HTTP_HOST} ^gallery\.lprp\.fr$ [NC]
RewriteRule ^albums/2005-Perou_Cuzco/Perou_20050907_232717\.thumb\.jpg$  [R=302,L]
RewriteCond %{HTTP_HOST} ^gallery\.lprp\.fr$ [NC]
RewriteRule ^albums/2005-Perou_Cuzco/Perou_20050907_161259\.thumb\.jpg$  [R=302,L]
RewriteCond %{HTTP_HOST} ^gallery\.lprp\.fr$ [NC]
RewriteRule ^albums/2005-Perou_Cuzco/Perou_20050907_173745\.thumb\.jpg$  [R=302,L]
RewriteCond %{HTTP_HOST} ^gallery\.lprp\.fr$ [NC]
RewriteRule ^albums/2005-Perou_Cuzco/Perou_20050908_203131\.thumb\.jpg$  [R=302,L]
RewriteCond %{HTTP_HOST} ^gallery\.lprp\.fr$ [NC]
RewriteRule ^albums/2005-Perou_Pratique/2005_10_22_Perou_Machu_Picchu_Ticket_Train\.thumb\.jpg$  [R=302,L]
RewriteCond %{HTTP_HOST} ^gallery\.lprp\.fr$ [NC]
RewriteRule ^albums/2005-Perou_MachuPicchu/Perou_20050910_142534\.thumb\.jpg$  [R=302,L]
RewriteCond %{HTTP_HOST} ^gallery\.lprp\.fr$ [NC]
RewriteRule ^albums/2005-Perou_MachuPicchu/Perou_20050910_064521\.thumb\.jpg$  [R=302,L]
RewriteCond %{HTTP_HOST} ^gallery\.lprp\.fr$ [NC]
RewriteRule ^albums/2005-Perou_MachuPicchu/Perou_20050910_085645\.thumb\.jpg$  [R=302,L]
RewriteCond %{HTTP_HOST} ^gallery\.lprp\.fr$ [NC]
RewriteRule ^albums/2005-Perou_Cuzco/Perou_20050907_195810\.thumb\.jpg$  [R=302,L]
RewriteCond %{HTTP_HOST} ^gallery\.lprp\.fr$ [NC]
RewriteRule ^albums/2005-Perou_Puno/Perou_20050914_164949\.thumb\.jpg$  [R=302,L]
RewriteCond %{HTTP_HOST} ^gallery\.lprp\.fr$ [NC]
RewriteRule ^albums/2005-Perou_Puno_Uros/Perou_20050913_085010\.thumb\.jpg$  [R=302,L]
RewriteCond %{HTTP_HOST} ^gallery\.lprp\.fr$ [NC]
RewriteRule ^albums/2005-Perou_Puno_Uros/Perou_20050914_153637\.thumb\.jpg$  [R=302,L]
RewriteCond %{HTTP_HOST} ^gallery\.lprp\.fr$ [NC]
RewriteRule ^albums/2005-Perou_Puno_Amantani/Perou_20050913_165846\.thumb\.jpg$  [R=302,L]
RewriteCond %{HTTP_HOST} ^gallery\.lprp\.fr$ [NC]
RewriteRule ^albums/2005-Perou_Puno_Amantani/Perou_20050913_165951\.thumb\.jpg$  [R=302,L]
RewriteCond %{HTTP_HOST} ^gallery\.lprp\.fr$ [NC]
RewriteRule ^albums/2005-Perou_Puno_Taquile/Perou_20050914_103906\.thumb\.jpg$  [R=302,L]
RewriteCond %{HTTP_HOST} ^gallery\.lprp\.fr$ [NC]
RewriteRule ^albums/2005-Perou_Puno_Taquile/Perou_20050914_091427\.thumb\.jpg$  [R=302,L]
RewriteCond %{HTTP_HOST} ^gallery\.lprp\.fr$ [NC]
RewriteRule ^albums/2005-Perou_Pratique/2005_10_22_Perou_Passeport_Bolivie\.thumb\.jpg$  [R=302,L]
RewriteCond %{HTTP_HOST} ^gallery\.lprp\.fr$ [NC]
RewriteRule ^albums/2005-Perou_Copacabana/Perou_20050915_120205\.thumb\.jpg$  [R=302,L]
RewriteCond %{HTTP_HOST} ^gallery\.lprp\.fr$ [NC]
RewriteRule ^albums/2005-Perou_Copacabana_Sol/Perou_20050916_130300\.thumb\.jpg$  [R=302,L]
RewriteCond %{HTTP_HOST} ^gallery\.lprp\.fr$ [NC]
RewriteRule ^albums/2005-Perou_Copacabana_Cathedrale/Perou_20050916_173911\.thumb\.jpg$  [R=302,L]
RewriteCond %{HTTP_HOST} ^gallery\.lprp\.fr$ [NC]
RewriteRule ^albums/2005-Perou_Salar/Perou_20050917_154636\.thumb\.jpg$  [R=302,L]
RewriteCond %{HTTP_HOST} ^gallery\.lprp\.fr$ [NC]
RewriteRule ^albums/2005-Perou_Uyuni_Loco/Perou_20050918_102921\.thumb\.jpg$  [R=302,L]
RewriteCond %{HTTP_HOST} ^gallery\.lprp\.fr$ [NC]
RewriteRule ^albums/2005-Perou_Uyuni_Salar/Perou_20050918_112413\.thumb\.jpg$  [R=302,L]
RewriteCond %{HTTP_HOST} ^gallery\.lprp\.fr$ [NC]
RewriteRule ^albums/2005-Perou_Uyuni_Salar/Perou_20050918_113725\.thumb\.jpg$  [R=302,L]
RewriteCond %{HTTP_HOST} ^gallery\.lprp\.fr$ [NC]
RewriteRule ^albums/2005-Perou_Uyuni_Pescado/Perou_20050918_153602\.thumb\.jpg$  [R=302,L]
RewriteCond %{HTTP_HOST} ^gallery\.lprp\.fr$ [NC]
RewriteRule ^albums/2005-Perou_Lipez/Perou_20050919_081421\.thumb\.jpg$  [R=302,L]
RewriteCond %{HTTP_HOST} ^gallery\.lprp\.fr$ [NC]
RewriteRule ^albums/2005-Perou_Lipez/Perou_20050919_105733\.thumb\.jpg$  [R=302,L]
RewriteCond %{HTTP_HOST} ^gallery\.lprp\.fr$ [NC]
RewriteRule ^albums/2005-Perou_Lipez/Perou_20050919_140256\.thumb\.jpg$  [R=302,L]
RewriteCond %{HTTP_HOST} ^gallery\.lprp\.fr$ [NC]
RewriteRule ^albums/2005-Perou_Lipez/Perou_20050919_154733\.thumb\.jpg$  [R=302,L]
RewriteCond %{HTTP_HOST} ^gallery\.lprp\.fr$ [NC]
RewriteRule ^albums/2005-Perou_Lipez/Perou_20050920_073221\.thumb\.jpg$  [R=302,L]
RewriteCond %{HTTP_HOST} ^gallery\.lprp\.fr$ [NC]
RewriteRule ^albums/2005-Perou_Lipez/Perou_20050920_101809\.thumb\.jpg$  [R=302,L]
RewriteCond %{HTTP_HOST} ^gallery\.lprp\.fr$ [NC]
RewriteRule ^albums/2005-Perou_Lipez/Perou_20050920_091730\.thumb\.jpg$  [R=302,L]
RewriteCond %{HTTP_HOST} ^gallery\.lprp\.fr$ [NC]
RewriteRule ^albums/2005-Perou_Lipez/Perou_20050920_143545\.thumb\.jpg$  [R=302,L]
RewriteCond %{HTTP_HOST} ^gallery\.lprp\.fr$ [NC]
RewriteRule ^albums/2005-Perou_Lipez/Perou_20050920_164442\.thumb\.jpg$  [R=302,L]
RewriteCond %{HTTP_HOST} ^gallery\.lprp\.fr$ [NC]
RewriteRule ^albums/2005-Perou_Pratique/2005_10_22_Perou_16_de_Julio_Justif_Bagage\.thumb\.jpg$  [R=302,L]
RewriteCond %{HTTP_HOST} ^gallery\.lprp\.fr$ [NC]
RewriteRule ^albums/2005-Perou_Pratique/2005_10_22_Perou_Bolivianos_Recto\.thumb\.jpg$  [R=302,L]
RewriteCond %{HTTP_HOST} ^gallery\.lprp\.fr$ [NC]
RewriteRule ^albums/2004-Japon_Pratique/2004_11_21_Japon_Tokyo_Subway_Map\.thumb\.jpg$  [R=302,L]
RewriteCond %{HTTP_HOST} ^gallery\.lprp\.fr$ [NC]
RewriteRule ^albums/2004-Japon_Tokyo/DSC00188_001\.thumb\.jpg$  [R=302,L]
RewriteCond %{HTTP_HOST} ^gallery\.lprp\.fr$ [NC]
RewriteRule ^albums/2004-Japon_Tokyo/DSC00210_001\.thumb\.jpg$  [R=302,L]
RewriteCond %{HTTP_HOST} ^gallery\.lprp\.fr$ [NC]
RewriteRule ^albums/2004-Japon_Tokyo/DSC00230_001\.thumb\.jpg$  [R=302,L]
RewriteCond %{HTTP_HOST} ^gallery\.lprp\.fr$ [NC]
RewriteRule ^albums/2004-Japon_Tokyo/DSC00222_001\.thumb\.jpg$  [R=302,L]
RewriteCond %{HTTP_HOST} ^gallery\.lprp\.fr$ [NC]
RewriteRule ^albums/2004-Japon_Tokyo/DSC00244_001\.thumb\.jpg$  [R=302,L]
RewriteCond %{HTTP_HOST} ^gallery\.lprp\.fr$ [NC]
RewriteRule ^albums/2004-Japon_Tokyo_MuseeNat/DSC00278\.thumb\.jpg$  [R=302,L]
RewriteCond %{HTTP_HOST} ^gallery\.lprp\.fr$ [NC]
RewriteRule ^albums/2004-Japon_Tokyo/DSC00325\.thumb\.jpg$  [R=302,L]
RewriteCond %{HTTP_HOST} ^gallery\.lprp\.fr$ [NC]
RewriteRule ^albums/2004-Japon_Fuji/DSC00388\.thumb\.jpg$  [R=302,L]
RewriteCond %{HTTP_HOST} ^gallery\.lprp\.fr$ [NC]
RewriteRule ^albums/2004-Japon_Civ_Other/DSC00332\.thumb\.jpg$  [R=302,L]
RewriteCond %{HTTP_HOST} ^gallery\.lprp\.fr$ [NC]
RewriteRule ^albums/2004-Japon_Fuji/DSC00342\.thumb\.jpg$  [R=302,L]
RewriteCond %{HTTP_HOST} ^gallery\.lprp\.fr$ [NC]
RewriteRule ^albums/2004-Japon_Fuji/DSC00390\.thumb\.jpg$  [R=302,L]
RewriteCond %{HTTP_HOST} ^gallery\.lprp\.fr$ [NC]
RewriteRule ^albums/2004-Japon_Fuji_Mt/DSC00452\.thumb\.jpg$  [R=302,L]
RewriteCond %{HTTP_HOST} ^gallery\.lprp\.fr$ [NC]
RewriteRule ^albums/2004-Japon_Fuji_Mt/DSC00446\.thumb\.jpg$  [R=302,L]
RewriteCond %{HTTP_HOST} ^gallery\.lprp\.fr$ [NC]
RewriteRule ^albums/2004-Japon_Fuji/DSC00407\.thumb\.jpg$  [R=302,L]
RewriteCond %{HTTP_HOST} ^gallery\.lprp\.fr$ [NC]
RewriteRule ^albums/2004-Japon_Kyoto/DSC00515\.thumb\.jpg$  [R=302,L]
RewriteCond %{HTTP_HOST} ^gallery\.lprp\.fr$ [NC]
RewriteRule ^albums/2004-Japon_Kyoto/DSC00517\.thumb\.jpg$  [R=302,L]
RewriteCond %{HTTP_HOST} ^gallery\.lprp\.fr$ [NC]
RewriteRule ^albums/2004-Japon_Kyoto/DSC00521\.thumb\.jpg$  [R=302,L]
RewriteCond %{HTTP_HOST} ^gallery\.lprp\.fr$ [NC]
RewriteRule ^albums/2004-Japon_Kyoto/DSC00545\.thumb\.jpg$  [R=302,L]
RewriteCond %{HTTP_HOST} ^gallery\.lprp\.fr$ [NC]
RewriteRule ^albums/2004-Japon_Kyoto/DSC00573\.thumb\.jpg$  [R=302,L]
RewriteCond %{HTTP_HOST} ^gallery\.lprp\.fr$ [NC]
RewriteRule ^albums/2004-Japon_Kyoto/DSC00615\.thumb\.jpg$  [R=302,L]
RewriteCond %{HTTP_HOST} ^gallery\.lprp\.fr$ [NC]
RewriteRule ^albums/2004-Japon_Kyoto/DSC00481\.thumb\.jpg$  [R=302,L]
RewriteCond %{HTTP_HOST} ^gallery\.lprp\.fr$ [NC]
RewriteRule ^albums/2004-Japon_Kyushu/DSC00651\.thumb\.jpg$  [R=302,L]
RewriteCond %{HTTP_HOST} ^gallery\.lprp\.fr$ [NC]
RewriteRule ^albums/2004-Japon_Nagasaki/DSC00678\.thumb\.jpg$  [R=302,L]
RewriteCond %{HTTP_HOST} ^gallery\.lprp\.fr$ [NC]
RewriteRule ^albums/2004-Japon_Nagasaki/DSC00660\.thumb\.jpg$  [R=302,L]
RewriteCond %{HTTP_HOST} ^gallery\.lprp\.fr$ [NC]
RewriteRule ^albums/2004-Japon_KyushuParc/DSC00745\.thumb\.jpg$  [R=302,L]
RewriteCond %{HTTP_HOST} ^gallery\.lprp\.fr$ [NC]
RewriteRule ^albums/2004-Japon_KyushuParc/DSC00729\.thumb\.jpg$  [R=302,L]
RewriteCond %{HTTP_HOST} ^gallery\.lprp\.fr$ [NC]
RewriteRule ^albums/2004-Japon_Osaka/DSC00758\.thumb\.jpg$  [R=302,L]
RewriteCond %{HTTP_HOST} ^gallery\.lprp\.fr$ [NC]
RewriteRule ^albums/2004-Japon_Osaka/DSC00750\.thumb\.jpg$  [R=302,L]
RewriteCond %{HTTP_HOST} ^gallery\.lprp\.fr$ [NC]
RewriteRule ^albums/2004-Japon_Osaka/DSC00751\.thumb\.jpg$  [R=302,L]
RewriteCond %{HTTP_HOST} ^gallery\.lprp\.fr$ [NC]
RewriteRule ^albums/2004-Japon_Himeji_Chateau/DSC00819\.thumb\.jpg$  [R=302,L]
RewriteCond %{HTTP_HOST} ^gallery\.lprp\.fr$ [NC]
RewriteRule ^albums/2004-Japon_Himeji_Aqua/DSC00866\.thumb\.jpg$  [R=302,L]
RewriteCond %{HTTP_HOST} ^gallery\.lprp\.fr$ [NC]
RewriteRule ^albums/2004-Japon_Nara/DSC00891\.thumb\.jpg$  [R=302,L]
RewriteCond %{HTTP_HOST} ^gallery\.lprp\.fr$ [NC]
RewriteRule ^albums/2004-Japon_Nara/DSC00966\.thumb\.jpg$  [R=302,L]
RewriteCond %{HTTP_HOST} ^gallery\.lprp\.fr$ [NC]
RewriteRule ^albums/2004-Japon_Pratique/2004_09_30_Japon_JR_Pass_Exchange_Order\.thumb\.jpg$  [R=302,L]
RewriteCond %{HTTP_HOST} ^gallery\.lprp\.fr$ [NC]
RewriteRule ^albums/2004-Japon_Civ_Other/DSC00636\.thumb\.jpg$  [R=302,L]
RewriteCond %{HTTP_HOST} ^gallery\.lprp\.fr$ [NC]
RewriteRule ^albums/2004-Japon_Civ_Other/DSC00227\.thumb\.jpg$  [R=302,L]
RewriteCond %{HTTP_HOST} ^gallery\.lprp\.fr$ [NC]
RewriteRule ^albums/2004-Japon_Pratique/katakana_table\.thumb\.gif$  [R=302,L]
RewriteRule ^soft/gimp/fourier-0\.4\.3\.tar\.gz$ /files/old-web/soft/gimp/fourier-0.4.3.tar.gz [R=301,L]
RewriteRule ^soft/gimp/fleche\.jpg$ /files/old-web/soft/gimp/fleche.jpg [R=301,L]
RewriteRule ^ecp/tpi/rapport/f_yuv\.png$ /files/old-web/ecp/tpi/rapport/f_yuv.png [R=301,L]
RewriteRule ^soft/gimp/fourier-0\.4\.3-2\.tar\.gz$ /files/old-web/soft/gimp/fourier-0.4.3-2.tar.gz [R=301,L]
RewriteRule ^soft/gimp/fourier-0\.4\.3-win32\.zip$ /files/old-web/soft/gimp/fourier-0.4.3-win32.zip [R=301,L]
RewriteRule ^soft/gimp/fourier-0\.4\.3-win64\.zip$ /files/old-web/soft/gimp/fourier-0.4.3-win64.zip [R=301,L]
RewriteRule ^soft/gimp/fourier-0\.3\.3\.tar\.gz$ /files/old-web/soft/gimp/fourier-0.3.3.tar.gz [R=301,L]
RewriteRule ^soft/gimp/fourier-0\.3\.0_bin_win32\.zip$ /files/old-web/soft/gimp/fourier-0.3.0_bin_win32.zip [R=301,L]
RewriteRule ^soft/gimp/fftw3_dll\.zip$ /files/old-web/soft/gimp/fftw3_dll.zip [R=301,L]
RewriteRule ^soft/gimp/yuv-0\.1\.3\.tar\.gz$ /files/old-web/soft/gimp/yuv-0.1.3.tar.gz [R=301,L]
RewriteRule ^soft/gimp/yuv-0\.1\.1_bin_win32\.zip$ /files/old-web/soft/gimp/yuv-0.1.1_bin_win32.zip [R=301,L]
RewriteRule ^soft/gimp/gimp-dev-2\.2\.1\.zip$ /files/old-web/soft/gimp/gimp-dev-2.2.1.zip [R=301,L]
RewriteRule ^soft/gimp/gimp-dev-mingw-2\.2\.1\.zip$ /files/old-web/soft/gimp/gimp-dev-mingw-2.2.1.zip [R=301,L]
RewriteRule ^soft/gimp/gimp-libs\.bat$ /files/old-web/soft/gimp/gimp-libs.bat [R=301,L]
RewriteRule ^soft/gimp/cygwin-installed\.db$ /files/old-web/soft/gimp/cygwin-installed.db [R=301,L]
RewriteRule ^soft/rphoto/manual/classic_main\.jpg$ /files/old-web/soft/rphoto/manual/classic_main.jpg [R=301,L]
RewriteRule ^soft/rphoto/manual/classic_orient\.jpg$ /files/old-web/soft/rphoto/manual/classic_orient.jpg [R=301,L]
RewriteRule ^soft/rphoto/manual/classic_crop\.jpg$ /files/old-web/soft/rphoto/manual/classic_crop.jpg [R=301,L]
RewriteRule ^soft/rphoto/manual/main_comments\.jpg$ /files/old-web/soft/rphoto/manual/main_comments.jpg [R=301,L]
RewriteRule ^soft/rphoto/manual/main_resize\.jpg$ /files/old-web/soft/rphoto/manual/main_resize.jpg [R=301,L]
RewriteRule ^soft/rphoto/manual/main_scr\.jpg$ /files/old-web/soft/rphoto/manual/main_scr.jpg [R=301,L]
RewriteRule ^soft/rphoto/manual/main_explorer\.jpg$ /files/old-web/soft/rphoto/manual/main_explorer.jpg [R=301,L]
RewriteRule ^soft/rphoto/manual/main_move\.jpg$ /files/old-web/soft/rphoto/manual/main_move.jpg [R=301,L]
RewriteRule ^soft/rphoto/manual/main_exif\.jpg$ /files/old-web/soft/rphoto/manual/main_exif.jpg [R=301,L]
RewriteRule ^soft/rphoto/manual/main_status\.jpg$ /files/old-web/soft/rphoto/manual/main_status.jpg [R=301,L]
RewriteRule ^soft/rphoto/manual/main_toolbar\.jpg$ /files/old-web/soft/rphoto/manual/main_toolbar.jpg [R=301,L]
RewriteRule ^soft/rphoto/manual/open\.ico$ /files/old-web/soft/rphoto/manual/open.ico [R=301,L]
RewriteRule ^soft/rphoto/manual/save\.ico$ /files/old-web/soft/rphoto/manual/save.ico [R=301,L]
RewriteRule ^soft/rphoto/manual/reopen\.ico$ /files/old-web/soft/rphoto/manual/reopen.ico [R=301,L]
RewriteRule ^soft/rphoto/manual/arrow_left\.ico$ /files/old-web/soft/rphoto/manual/arrow_left.ico [R=301,L]
RewriteRule ^soft/rphoto/manual/arrow_right\.ico$ /files/old-web/soft/rphoto/manual/arrow_right.ico [R=301,L]
RewriteRule ^soft/rphoto/manual/fullscrn\.ico$ /files/old-web/soft/rphoto/manual/fullscrn.ico [R=301,L]
RewriteRule ^soft/rphoto/manual/light_green\.ico$ /files/old-web/soft/rphoto/manual/light_green.ico [R=301,L]
RewriteRule ^soft/rphoto/manual/light_red\.ico$ /files/old-web/soft/rphoto/manual/light_red.ico [R=301,L]
RewriteRule ^soft/rphoto/manual/mode_crop\.ico$ /files/old-web/soft/rphoto/manual/mode_crop.ico [R=301,L]
RewriteRule ^soft/rphoto/manual/mode_inclinaison\.ico$ /files/old-web/soft/rphoto/manual/mode_inclinaison.ico [R=301,L]
RewriteRule ^soft/rphoto/manual/undo\.ico$ /files/old-web/soft/rphoto/manual/undo.ico [R=301,L]
RewriteRule ^soft/rphoto/manual/crop\.ico$ /files/old-web/soft/rphoto/manual/crop.ico [R=301,L]
RewriteRule ^soft/rphoto/manual/rotate_left\.ico$ /files/old-web/soft/rphoto/manual/rotate_left.ico [R=301,L]
RewriteRule ^soft/rphoto/manual/rotate_right\.ico$ /files/old-web/soft/rphoto/manual/rotate_right.ico [R=301,L]
RewriteRule ^soft/rphoto/manual/inclinaison\.ico$ /files/old-web/soft/rphoto/manual/inclinaison.ico [R=301,L]
RewriteRule ^soft/rphoto/manual/landorpo\.ico$ /files/old-web/soft/rphoto/manual/landorpo.ico [R=301,L]
RewriteRule ^soft/rphoto/manual/portrait\.ico$ /files/old-web/soft/rphoto/manual/portrait.ico [R=301,L]
RewriteRule ^soft/rphoto/manual/landscap\.ico$ /files/old-web/soft/rphoto/manual/landscap.ico [R=301,L]
RewriteRule ^soft/rphoto/manual/combo_ratio\.jpg$ /files/old-web/soft/rphoto/manual/combo_ratio.jpg [R=301,L]
RewriteRule ^soft/rphoto/manual/prefs\.jpg$ /files/old-web/soft/rphoto/manual/prefs.jpg [R=301,L]
RewriteRule ^soft/misc/m341ed/m341ed_scr\.jpg$ /files/old-web/soft/misc/m341ed/m341ed_scr.jpg [R=301,L]
RewriteRule ^soft/misc/m341ed/m341ed_bin\.zip$ /files/old-web/soft/misc/m341ed/m341ed_bin.zip [R=301,L]
RewriteRule ^soft/misc/m341ed/m341ed_src\.zip$ /files/old-web/soft/misc/m341ed/m341ed_src.zip [R=301,L]
RewriteRule ^win/ooovirg/ooovirg_scr\.jpg$ /files/old-web/win/ooovirg/ooovirg_scr.jpg [R=301,L]
RewriteRule ^win/ooovirg/clavier_windows\.jpg$ /files/old-web/win/ooovirg/clavier_windows.jpg [R=301,L]
RewriteRule ^win/ooovirg/ooovirg_tray\.zip$ /files/old-web/win/ooovirg/ooovirg_tray.zip [R=301,L]
RewriteRule ^win/ooovirg/dllsrelease\.zip$ /files/old-web/win/ooovirg/dllsrelease.zip [R=301,L]
RewriteRule ^win/ooovirg/ooovirg_tray_030621\.zip$ /files/old-web/win/ooovirg/ooovirg_tray_030621.zip [R=301,L]
RewriteRule ^win/ooovirg/ooovirg_tray_win95\.zip$ /files/old-web/win/ooovirg/ooovirg_tray_win95.zip [R=301,L]
RewriteRule ^win/ooovirg/mfc42_win95\.zip$ /files/old-web/win/ooovirg/mfc42_win95.zip [R=301,L]
RewriteRule ^win/ooovirg/oovirghk\.dll$ /files/old-web/win/ooovirg/oovirghk.dll [R=301,L]
RewriteRule ^win/ooovirg/ooovirg_integration\.zip$ /files/old-web/win/ooovirg/ooovirg_integration.zip [R=301,L]
RewriteRule ^win/ooovirg/ooovirg_tray_dbg\.zip$ /files/old-web/win/ooovirg/ooovirg_tray_dbg.zip [R=301,L]
RewriteRule ^win/ooovirg/dllsdebug\.zip$ /files/old-web/win/ooovirg/dllsdebug.zip [R=301,L]
RewriteRule ^win/ooovirg/mapcomma\.reg$ /files/old-web/win/ooovirg/mapcomma.reg [R=301,L]
RewriteRule ^win/ooovirg/mskc_decimal\.zip$ /files/old-web/win/ooovirg/mskc_decimal.zip [R=301,L]
RewriteRule ^win/ooovirg/kdbhook\.dll$ /files/old-web/win/ooovirg/kdbhook.dll [R=301,L]
RewriteRule ^win/ooovirg/loadkbdhook\.exe$ /files/old-web/win/ooovirg/loadkbdhook.exe [R=301,L]
RewriteRule ^soft/rphoto/wxrecttracker/wxrecttracker\.png$ /files/old-web/soft/rphoto/wxrecttracker/wxrecttracker.png [R=301,L]
RewriteRule ^soft/rphoto/wxrecttracker/wxrecttracker\.zip$ /files/old-web/soft/rphoto/wxrecttracker/wxrecttracker.zip [R=301,L]
RewriteRule ^ecp/tpi/rapport/color_sens\.gif$ /files/old-web/ecp/tpi/rapport/color_sens.gif [R=301,L]
RewriteRule ^ecp/tpi/rapport/color_bad_src_out\.png$ /files/old-web/ecp/tpi/rapport/color_bad_src_out.png [R=301,L]
RewriteRule ^ecp/tpi/rapport/f_src\.png$ /files/old-web/ecp/tpi/rapport/f_src.png [R=301,L]
RewriteRule ^ecp/tpi/rapport/f_arr_tr\.png$ /files/old-web/ecp/tpi/rapport/f_arr_tr.png [R=301,L]
RewriteRule ^ecp/tpi/rapport/f_arr_inv\.png$ /files/old-web/ecp/tpi/rapport/f_arr_inv.png [R=301,L]
RewriteRule ^ecp/tpi/rapport/erreur404\.jpg$ /files/old-web/ecp/tpi/rapport/erreur404.jpg [R=301,L]
RewriteRule ^ecp/tpi/rapport/erreur404_bords\.jpg$ /files/old-web/ecp/tpi/rapport/erreur404_bords.jpg [R=301,L]
RewriteRule ^ecp/tpi/rapport/erreur404_straight_m\.jpg$ /files/old-web/ecp/tpi/rapport/erreur404_straight_m.jpg [R=301,L]
RewriteRule ^ecp/tpi/rapport/f_log_tr\.png$ /files/old-web/ecp/tpi/rapport/f_log_tr.png [R=301,L]
RewriteRule ^ecp/tpi/rapport/f_log_inv\.png$ /files/old-web/ecp/tpi/rapport/f_log_inv.png [R=301,L]
RewriteRule ^ecp/tpi/rapport/via\.jpg$ /files/old-web/ecp/tpi/rapport/via.jpg [R=301,L]
RewriteRule ^ecp/tpi/rapport/via_tr\.jpg$ /files/old-web/ecp/tpi/rapport/via_tr.jpg [R=301,L]
RewriteRule ^ecp/tpi/rapport/via_inv\.jpg$ /files/old-web/ecp/tpi/rapport/via_inv.jpg [R=301,L]
RewriteRule ^ecp/tpi/rapport/erreur404_tr\.jpg$ /files/old-web/ecp/tpi/rapport/erreur404_tr.jpg [R=301,L]
RewriteRule ^ecp/tpi/rapport/erreur404_inv\.jpg$ /files/old-web/ecp/tpi/rapport/erreur404_inv.jpg [R=301,L]
RewriteRule ^ecp/tpi/rapport/rfftwnd\.gif$ /files/old-web/ecp/tpi/rapport/rfftwnd.gif [R=301,L]
RewriteRule ^ecp/tpi/rapport/sketch1\.gif$ /files/old-web/ecp/tpi/rapport/sketch1.gif [R=301,L]
RewriteRule ^ecp/tpi/rapport/erreur404_stegano_resu\.jpg$ /files/old-web/ecp/tpi/rapport/erreur404_stegano_resu.jpg [R=301,L]
RewriteRule ^ecp/tpi/rapport/via_luke_compr_resujpg\.jpg$ /files/old-web/ecp/tpi/rapport/via_luke_compr_resujpg.jpg [R=301,L]
RewriteRule ^ecp/tpi/rapport/via_luke_bords_2\.jpg$ /files/old-web/ecp/tpi/rapport/via_luke_bords_2.jpg [R=301,L]
RewriteRule ^ecp/tpi/rapport/via_luke_flou\.jpg$ /files/old-web/ecp/tpi/rapport/via_luke_flou.jpg [R=301,L]
RewriteRule ^ecp/tpi/rapport/via_luke_special_effect\.jpg$ /files/old-web/ecp/tpi/rapport/via_luke_special_effect.jpg [R=301,L]
RewriteRule ^ecp/tpi/rapport/via_luke_trenblant\.jpg$ /files/old-web/ecp/tpi/rapport/via_luke_trenblant.jpg [R=301,L]
RewriteRule ^ecp/tpi/rapport/gene_src\.png$ /files/old-web/ecp/tpi/rapport/gene_src.png [R=301,L]
RewriteRule ^ecp/tpi/rapport/gene_resu\.png$ /files/old-web/ecp/tpi/rapport/gene_resu.png [R=301,L]
RewriteRule ^ecp/tpi/rapport/via_16bsim\.jpg$ /files/old-web/ecp/tpi/rapport/via_16bsim.jpg [R=301,L]
RewriteRule ^prog/imode/m420i\.zip$ /files/old-web/prog/imode/m420i.zip [R=301,L]
RewriteRule ^prog/imode/s500i\.zip$ /files/old-web/prog/imode/s500i.zip [R=301,L]
RewriteRule ^prog/imode/nec341i\.zip$ /files/old-web/prog/imode/nec341i.zip [R=301,L]
RewriteRule ^prog/imode/m342i\.zip$ /files/old-web/prog/imode/m342i.zip [R=301,L]
RewriteRule ^prog/imode/tsm7i\.zip$ /files/old-web/prog/imode/tsm7i.zip [R=301,L]
RewriteRule ^soft/misc/guiit/guiit_scr\.jpg$ /files/old-web/soft/misc/guiit/guiit_scr.jpg [R=301,L]
RewriteRule ^soft/misc/guiit/guiit_bin\.zip$ /files/old-web/soft/misc/guiit/guiit_bin.zip [R=301,L]
RewriteRule ^soft/misc/guiit/guiit_src\.zip$ /files/old-web/soft/misc/guiit/guiit_src.zip [R=301,L]
RewriteRule ^prog/scripts/rc\.virus$ /files/old-web/prog/scripts/rc.virus [R=301,L]
RewriteRule ^prog/scripts/rc\.virus-sober$ /files/old-web/prog/scripts/rc.virus-sober [R=301,L]
RewriteRule ^prog/scripts/gallery2jpeg\.php\.dl$ /files/old-web/prog/scripts/gallery2jpeg.php_.dl [R=301,L]
RewriteRule ^prog/scripts/extr-attach\.zip$ /files/old-web/prog/scripts/extr-attach.zip [R=301,L]
RewriteRule ^prog/scripts/weblog\.zip$ /files/old-web/prog/scripts/weblog.zip [R=301,L]
RewriteRule ^prog/scripts/RPPhoeBoxConfig4\.tgz$ /files/old-web/prog/scripts/RPPhoeBoxConfig4.tgz [R=301,L]
RewriteRule ^prog/scripts/addtopics\.pl$ /files/old-web/prog/scripts/addtopics.pl [R=301,L]
RewriteRule ^prog/scripts/localize\.pl$ /files/old-web/prog/scripts/localize.pl [R=301,L]
RewriteRule ^prog/scripts/site$ /files/old-web/prog/scripts/site [R=301,L]
RewriteRule ^prog/scripts/addtopics\.sh$ /files/old-web/prog/scripts/addtopics.sh [R=301,L]
RewriteRule ^prog/scripts/cleanphp3\.sh$ /files/old-web/prog/scripts/cleanphp3.sh [R=301,L]
RewriteRule ^prog/scripts/compilephp3\.sh$ /files/old-web/prog/scripts/compilephp3.sh [R=301,L]
RewriteRule ^prog/scripts/dos2unix\.sh$ /files/old-web/prog/scripts/dos2unix.sh [R=301,L]
RewriteRule ^prog/scripts/expand\.sh$ /files/old-web/prog/scripts/expand.sh [R=301,L]
RewriteRule ^prog/scripts/rights$ /files/old-web/prog/scripts/rights [R=301,L]
RewriteRule ^perso/2005-perou/2005-perou\.sxw$ /files/old-web/perso/2005-perou/2005-perou.sxw [R=301,L]
RewriteRule ^perso/2004-japon/2004-japon\.sxw$ /files/old-web/perso/2004-japon/2004-japon.sxw [R=301,L]
RewriteRule ^ecp/tpi/plug-ins_w32\.zip$ /files/old-web/ecp/tpi/plug-ins_w32.zip [R=301,L]
RewriteRule ^ecp/tpi/fourier\.zip$ /files/old-web/ecp/tpi/fourier.zip [R=301,L]
RewriteRule ^ecp/tpi/fourier0\.1\.2\.zip$ /files/old-web/ecp/tpi/fourier0.1.2.zip [R=301,L]
RewriteRule ^ecp/tpi/fourier-0\.1\.3\.tar\.gz$ /files/old-web/ecp/tpi/fourier-0.1.3.tar.gz [R=301,L]
RewriteRule ^ecp/tpi/yuv\.zip$ /files/old-web/ecp/tpi/yuv.zip [R=301,L]
RewriteRule ^soft/xml/xmldiff/xmldiff_scr\.jpg$ /files/old-web/soft/xml/xmldiff/xmldiff_scr.jpg [R=301,L]
RewriteRule ^soft/xml/xmldiff/xmldifftreeview_scr\.jpg$ /files/old-web/soft/xml/xmldiff/xmldifftreeview_scr.jpg [R=301,L]
RewriteRule ^soft/xml/xmldiff/xmldiff1_src\.zip$ /files/old-web/soft/xml/xmldiff/xmldiff1_src.zip [R=301,L]
RewriteRule ^soft/xml/xmldiff/xmldiff1_bin\.zip$ /files/old-web/soft/xml/xmldiff/xmldiff1_bin.zip [R=301,L]
RewriteRule ^soft/xml/xmldiff/xmldifftreeview\.exe$ /files/old-web/soft/xml/xmldiff/xmldifftreeview.exe [R=301,L]
RewriteRule ^divers/cdiscount/colis\.jpg$ /files/old-web/divers/cdiscount/colis.jpg [R=301,L]
RewriteRule ^divers/cdiscount/livre_corne\.jpg$ /files/old-web/divers/cdiscount/livre_corne.jpg [R=301,L]
RewriteRule ^calc/casio/cheval_depl1\.gif$ /files/old-web/calc/casio/cheval_depl1.gif [R=301,L]
RewriteRule ^calc/casio/cheval_depl2\.gif$ /files/old-web/calc/casio/cheval_depl2.gif [R=301,L]
RewriteRule ^calc/ti/kwirk89splash\.png$ /files/old-web/calc/ti/kwirk89splash.png [R=301,L]
RewriteRule ^calc/ti/kwirk89level\.png$ /files/old-web/calc/ti/kwirk89level.png [R=301,L]
RewriteRule ^calc/ti/kwirk89cust\.png$ /files/old-web/calc/ti/kwirk89cust.png [R=301,L]
RewriteRule ^calc/ti/kwirk92\.png$ /files/old-web/calc/ti/kwirk92.png [R=301,L]
RewriteRule ^divers/virus/virboite\.jpg$ /files/old-web/divers/virus/virboite.jpg [R=301,L]
RewriteRule ^divers/virus/virfiche\.jpg$ /files/old-web/divers/virus/virfiche.jpg [R=301,L]
RewriteRule ^divers/virus/vircourbes\.jpg$ /files/old-web/divers/virus/vircourbes.jpg [R=301,L]
RewriteRule ^divers/virus/virwsh\.jpg$ /files/old-web/divers/virus/virwsh.jpg [R=301,L]
RewriteRule ^divers/virus/virwordview\.jpg$ /files/old-web/divers/virus/virwordview.jpg [R=301,L]
RewriteRule ^elec/cables/cablemaxx232univr\.jpg$ /files/old-web/elec/cables/cablemaxx232univr.jpg [R=301,L]
RewriteRule ^elec/cables/casiomax232a\.gif$ /files/old-web/elec/cables/casiomax232a.gif [R=301,L]
RewriteRule ^elec/cables/parallel\.gif$ /files/old-web/elec/cables/parallel.gif [R=301,L]
RewriteRule ^elec/cables/parallel2\.gif$ /files/old-web/elec/cables/parallel2.gif [R=301,L]
RewriteRule ^elec/cables/seriallink\.gif$ /files/old-web/elec/cables/seriallink.gif [R=301,L]
RewriteRule ^elec/cables/seriallinkpic\.gif$ /files/old-web/elec/cables/seriallinkpic.gif [R=301,L]
RewriteRule ^marees/sinuscardinal_expl\.png$ /files/old-web/marees/sinuscardinal_expl.png [R=301,L]
RewriteRule ^marees/badidea_whythiscannotwork\.png$ /files/old-web/marees/badidea_whythiscannotwork.png [R=301,L]
RewriteRule ^marees/maretud_scr_main1\.png$ /files/old-web/marees/maretud_scr_main1.png [R=301,L]
RewriteRule ^marees/maretud_scr_main_wide\.png$ /files/old-web/marees/maretud_scr_main_wide.png [R=301,L]
RewriteRule ^marees/maretud_scr_main_wider\.png$ /files/old-web/marees/maretud_scr_main_wider.png [R=301,L]
RewriteRule ^marees/maretud_scr_det_onde1\.png$ /files/old-web/marees/maretud_scr_det_onde1.png [R=301,L]
RewriteRule ^marees/maretud_scr_det_onde2\.png$ /files/old-web/marees/maretud_scr_det_onde2.png [R=301,L]
RewriteRule ^marees/maretud_scr_gestondes\.png$ /files/old-web/marees/maretud_scr_gestondes.png [R=301,L]
RewriteRule ^marees/maretud_scr_main_predict\.png$ /files/old-web/marees/maretud_scr_main_predict.png [R=301,L]
RewriteRule ^marees/maretud_scr_timetables\.png$ /files/old-web/marees/maretud_scr_timetables.png [R=301,L]
RewriteRule ^prog/kwirk/imgs/k_blanc\.gif$ /files/old-web/prog/kwirk/imgs/k_blanc.gif [R=301,L]
RewriteRule ^prog/kwirk/imgs/k_bloc_sol\.gif$ /files/old-web/prog/kwirk/imgs/k_bloc_sol.gif [R=301,L]
RewriteRule ^prog/kwirk/imgs/k_bloc_trou\.gif$ /files/old-web/prog/kwirk/imgs/k_bloc_trou.gif [R=301,L]
RewriteRule ^prog/kwirk/imgs/k_joueur1\.gif$ /files/old-web/prog/kwirk/imgs/k_joueur1.gif [R=301,L]
RewriteRule ^prog/kwirk/imgs/k_joueur2\.gif$ /files/old-web/prog/kwirk/imgs/k_joueur2.gif [R=301,L]
RewriteRule ^prog/kwirk/imgs/k_joueur3\.gif$ /files/old-web/prog/kwirk/imgs/k_joueur3.gif [R=301,L]
RewriteRule ^prog/kwirk/imgs/k_joueur4\.gif$ /files/old-web/prog/kwirk/imgs/k_joueur4.gif [R=301,L]
RewriteRule ^prog/kwirk/imgs/k_mur\.gif$ /files/old-web/prog/kwirk/imgs/k_mur.gif [R=301,L]
RewriteRule ^prog/kwirk/imgs/k_sortie\.gif$ /files/old-web/prog/kwirk/imgs/k_sortie.gif [R=301,L]
RewriteRule ^prog/kwirk/imgs/k_tourn_centre\.gif$ /files/old-web/prog/kwirk/imgs/k_tourn_centre.gif [R=301,L]
RewriteRule ^prog/kwirk/imgs/k_tourn_ext_sol\.gif$ /files/old-web/prog/kwirk/imgs/k_tourn_ext_sol.gif [R=301,L]
RewriteRule ^prog/kwirk/imgs/k_tourn_ext_trou\.gif$ /files/old-web/prog/kwirk/imgs/k_tourn_ext_trou.gif [R=301,L]
RewriteRule ^prog/kwirk/imgs/k_trou\.gif$ /files/old-web/prog/kwirk/imgs/k_trou.gif [R=301,L]
RewriteRule ^soft/imphoto/imphoto_scr\.jpg$ /files/old-web/soft/imphoto/imphoto_scr.jpg [R=301,L]
RewriteRule ^soft/misc/ibeadcfg/ibeadconfig2_scr\.jpg$ /files/old-web/soft/misc/ibeadcfg/ibeadconfig2_scr.jpg [R=301,L]
RewriteRule ^soft/misc/ibeadcfg/ibeadcfg_scr\.png$ /files/old-web/soft/misc/ibeadcfg/ibeadcfg_scr.png [R=301,L]
RewriteRule ^soft/misc/ibeadcfg/ibead-2-1\.jpg$ /files/old-web/soft/misc/ibeadcfg/ibead-2-1.jpg [R=301,L]
RewriteRule ^soft/misc/im/intellimenu_scr\.jpg$ /files/old-web/soft/misc/im/intellimenu_scr.jpg [R=301,L]
RewriteRule ^soft/misc/theatre/theatre_scr\.png$ /files/old-web/soft/misc/theatre/theatre_scr.png [R=301,L]
RewriteRule ^soft/misc/theatre/pinexpert_scr\.png$ /files/old-web/soft/misc/theatre/pinexpert_scr.png [R=301,L]
RewriteRule ^soft/misc/ttfdumper2/ttfdumper2_scr\.png$ /files/old-web/soft/misc/ttfdumper2/ttfdumper2_scr.png [R=301,L]
RewriteRule ^soft/vdbatch/vdbatch_screen\.png$ /files/old-web/soft/vdbatch/vdbatch_screen.png [R=301,L]
RewriteRule ^win/bkmtoolbar_scr\.jpg$ /files/old-web/win/bkmtoolbar_scr.jpg [R=301,L]
RewriteRule ^calc/casio/cheval\.ps$ /files/old-web/calc/casio/cheval.ps [R=301,L]
RewriteRule ^calc/casio/demineur\.ps$ /files/old-web/calc/casio/demineur.ps [R=301,L]
RewriteRule ^calc/casio/allcasio\.fxi$ /files/old-web/calc/casio/allcasio.fxi [R=301,L]
RewriteRule ^calc/casio/jeux\.ps$ /files/old-web/calc/casio/jeux.ps [R=301,L]
RewriteRule ^calc/casio/labymast\.ps$ /files/old-web/calc/casio/labymast.ps [R=301,L]
RewriteRule ^calc/casio/master\.ps$ /files/old-web/calc/casio/master.ps [R=301,L]
RewriteRule ^calc/casio/maths\.ps$ /files/old-web/calc/casio/maths.ps [R=301,L]
RewriteRule ^calc/casio/menu\.ps$ /files/old-web/calc/casio/menu.ps [R=301,L]
RewriteRule ^calc/casio/poker\.ps$ /files/old-web/calc/casio/poker.ps [R=301,L]
RewriteRule ^calc/casio/prgdiv1\.ps$ /files/old-web/calc/casio/prgdiv1.ps [R=301,L]
RewriteRule ^calc/casio/pui4\.ps$ /files/old-web/calc/casio/pui4.ps [R=301,L]
RewriteRule ^calc/casio/runtimes\.ps$ /files/old-web/calc/casio/runtimes.ps [R=301,L]
RewriteRule ^calc/casio/triboum\.ps$ /files/old-web/calc/casio/triboum.ps [R=301,L]
RewriteRule ^calc/ti/kwirk\.zip$ /files/old-web/calc/ti/kwirk.zip [R=301,L]
RewriteRule ^calc/ti/kwirkdev\.zip$ /files/old-web/calc/ti/kwirkdev.zip [R=301,L]
RewriteRule ^calc/ti/kwirk2\.zip$ /files/old-web/calc/ti/kwirk2.zip [R=301,L]
RewriteRule ^calc/ti/kwirk2dv\.zip$ /files/old-web/calc/ti/kwirk2dv.zip [R=301,L]
RewriteRule ^calc/ti/kwirk89\.zip$ /files/old-web/calc/ti/kwirk89.zip [R=301,L]
RewriteRule ^calc/ti/tetris\.asm$ /files/old-web/calc/ti/tetris.asm [R=301,L]
RewriteRule ^calc/ti/samegame\.asm$ /files/old-web/calc/ti/samegame.asm [R=301,L]
RewriteRule ^divers/virus/virus\.doc\.gz$ /files/old-web/divers/virus/virus.doc.gz [R=301,L]
RewriteRule ^divers/virus/virus_en\.doc\.gz$ /files/old-web/divers/virus/virus_en.doc.gz [R=301,L]
RewriteRule ^ecp/charte_v12\.pdf$ /files/old-web/ecp/charte_v12.pdf [R=301,L]
RewriteRule ^ecp/via_luke\.jpg$ /files/old-web/ecp/via_luke.jpg [R=301,L]
RewriteRule ^elec/cables/casiointerf\.txt$ /files/old-web/elec/cables/casiointerf.txt [R=301,L]
RewriteRule ^elec/cables/gtktilink\.zip$ /files/old-web/elec/cables/gtktilink.zip [R=301,L]
RewriteRule ^elec/cables/gtktilink\.tar\.gz$ /files/old-web/elec/cables/gtktilink.tar.gz [R=301,L]
RewriteRule ^elec/cables/port95nt\.exe$ /files/old-web/elec/cables/port95nt.exe [R=301,L]
RewriteRule ^elec/ir/irremote\.txt$ /files/old-web/elec/ir/irremote.txt [R=301,L]
RewriteRule ^elec/ir/philips_tv\.cfg$ /files/old-web/elec/ir/philips_tv.cfg [R=301,L]
RewriteRule ^elec/ir/winlirc-0\.6\.zip$ /files/old-web/elec/ir/winlirc-0.6.zip [R=301,L]
RewriteRule ^elec/ir/gen_ir-0\.2\.zip$ /files/old-web/elec/ir/gen_ir-0.2.zip [R=301,L]
RewriteRule ^elec/ir/lirc-0\.6\.2\.tar\.gz$ /files/old-web/elec/ir/lirc-0.6.2.tar.gz [R=301,L]
RewriteRule ^elec/ir/lircrc$ /files/old-web/elec/ir/lircrc [R=301,L]
RewriteRule ^elec/ir/lirc-xmms-plugin-1\.1\.tar\.gz$ /files/old-web/elec/ir/lirc-xmms-plugin-1.1.tar.gz [R=301,L]
RewriteRule ^linux/config/zshrc$ /files/old-web/linux/config/zshrc [R=301,L]
RewriteRule ^linux/config/xf86config$ /files/old-web/linux/config/xf86config [R=301,L]
RewriteRule ^linux/config/vimrc$ /files/old-web/linux/config/vimrc [R=301,L]
RewriteRule ^linux/config/mswin\.vim$ /files/old-web/linux/config/mswin.vim [R=301,L]
RewriteRule ^linux/config/vimrcexample\.vim$ /files/old-web/linux/config/vimrcexample.vim [R=301,L]
RewriteRule ^linux/config/lilo\.conf$ /files/old-web/linux/config/lilo.conf [R=301,L]
RewriteRule ^linux/config/lircrc$ /files/old-web/linux/config/lircrc [R=301,L]
RewriteRule ^linux/config/smb\.conf$ /files/old-web/linux/config/smb.conf [R=301,L]
RewriteRule ^linux/ipfm_0\.10\.4\.modif\.tar\.gz$ /files/old-web/linux/ipfm_0.10.4.modif_.tar.gz [R=301,L]
RewriteRule ^linux/ipfm-status$ /files/old-web/linux/ipfm-status [R=301,L]
RewriteRule ^linux/ipfm\.conf$ /files/old-web/linux/ipfm.conf [R=301,L]
RewriteRule ^linux/sottf/ttf2pt1-321\.tgz$ /files/old-web/linux/sottf/ttf2pt1-321.tgz [R=301,L]
RewriteRule ^linux/sottf/ttf2pt1-3\.1\.1-1\.i386\.rpm$ /files/old-web/linux/sottf/ttf2pt1-3.1.1-1.i386.rpm [R=301,L]
RewriteRule ^linux/sottf/afm\.pl$ /files/old-web/linux/sottf/afm.pl [R=301,L]
RewriteRule ^linux/sottf/ttmkfdir_1\.0-5_i386\.deb$ /files/old-web/linux/sottf/ttmkfdir_1.0-5_i386.deb [R=301,L]
RewriteRule ^linux/sottf/ttmkfdir\.tar\.gz$ /files/old-web/linux/sottf/ttmkfdir.tar.gz [R=301,L]
RewriteRule ^linux/sottf/StarOfficeTTF\.sh$ /files/old-web/linux/sottf/StarOfficeTTF.sh [R=301,L]
RewriteRule ^linux/sottf/StarOfficeTTFAll\.sh$ /files/old-web/linux/sottf/StarOfficeTTFAll.sh [R=301,L]
RewriteRule ^linux/kdbhook\.dll$ /files/old-web/linux/kdbhook.dll [R=301,L]
RewriteRule ^linux/loadkbdhook\.exe$ /files/old-web/linux/loadkbdhook.exe [R=301,L]
RewriteRule ^linux/win/updatemail$ /files/old-web/linux/win/updatemail [R=301,L]
RewriteRule ^marees/maretud\.zip$ /files/old-web/marees/maretud.zip [R=301,L]
RewriteRule ^marees/tipe_synopt\.doc$ /files/old-web/marees/tipe_synopt.doc [R=301,L]
RewriteRule ^marees/tipe_marcol\.doc$ /files/old-web/marees/tipe_marcol.doc [R=301,L]
RewriteRule ^marees/xtide_france$ /files/old-web/marees/xtide_france [R=301,L]
RewriteRule ^prog/lab\.pas$ /files/old-web/prog/lab.pas [R=301,L]
RewriteRule ^prog/caml/td7\.ml$ /files/old-web/prog/caml/td7.ml [R=301,L]
RewriteRule ^prog/caml/tp0306\.ml$ /files/old-web/prog/caml/tp0306.ml [R=301,L]
RewriteRule ^prog/caml/tp_mias\.ml$ /files/old-web/prog/caml/tp_mias.ml [R=301,L]
RewriteRule ^prog/kwirk/webrelease\.zip$ /files/old-web/prog/kwirk/webrelease.zip [R=301,L]
RewriteRule ^prog/kwirk/win32release\.zip$ /files/old-web/prog/kwirk/win32release.zip [R=301,L]
RewriteRule ^prog/kwirk/kwirk\.java$ /files/old-web/prog/kwirk/kwirk.java [R=301,L]
RewriteRule ^prog/laby/laby\.java$ /files/old-web/prog/laby/laby.java [R=301,L]
RewriteRule ^soft/dspgen/dsp_gen\.zip$ /files/old-web/soft/dspgen/dsp_gen.zip [R=301,L]
RewriteRule ^soft/dspgen/dsp_cnedra\.zip$ /files/old-web/soft/dspgen/dsp_cnedra.zip [R=301,L]
RewriteRule ^soft/dspgen/dsp_openoffice\.zip$ /files/old-web/soft/dspgen/dsp_openoffice.zip [R=301,L]
RewriteRule ^soft/dspgen/xsltproc\.zip$ /files/old-web/soft/dspgen/xsltproc.zip [R=301,L]
RewriteRule ^soft/dspgen/vcproj\.xsl$ /files/old-web/soft/dspgen/vcproj.xsl [R=301,L]
RewriteRule ^soft/dspgen/vcproj_ooo\.zip$ /files/old-web/soft/dspgen/vcproj_ooo.zip [R=301,L]
RewriteRule ^soft/imphoto/imphoto\.exe$ /files/old-web/soft/imphoto/imphoto.exe [R=301,L]
RewriteRule ^soft/imphoto/imphoto_src\.zip$ /files/old-web/soft/imphoto/imphoto_src.zip [R=301,L]
RewriteRule ^soft/misc/ibeadcfg/ibeadconfig2_setup\.exe$ /files/old-web/soft/misc/ibeadcfg/ibeadconfig2_setup.exe [R=301,L]
RewriteRule ^soft/misc/ibeadcfg/ibeadconfig2_bin\.zip$ /files/old-web/soft/misc/ibeadcfg/ibeadconfig2_bin.zip [R=301,L]
RewriteRule ^soft/misc/ibeadcfg/ibeadconfig2_src\.zip$ /files/old-web/soft/misc/ibeadcfg/ibeadconfig2_src.zip [R=301,L]
RewriteRule ^soft/misc/ibeadcfg/ibeadconfig\.exe$ /files/old-web/soft/misc/ibeadcfg/ibeadconfig.exe [R=301,L]
RewriteRule ^soft/misc/ibeadcfg/ibead_src\.zip$ /files/old-web/soft/misc/ibeadcfg/ibead_src.zip [R=301,L]
RewriteRule ^soft/misc/ibeadcfg/ibeadcfg_patch3141\.txt$ /files/old-web/soft/misc/ibeadcfg/ibeadcfg_patch3141.txt [R=301,L]
RewriteRule ^soft/misc/ibeadcfg/ibead2cfg\.zip$ /files/old-web/soft/misc/ibeadcfg/ibead2cfg.zip [R=301,L]
RewriteRule ^soft/misc/ibeadcfg/ibead2cfg_src\.zip$ /files/old-web/soft/misc/ibeadcfg/ibead2cfg_src.zip [R=301,L]
RewriteRule ^soft/misc/ibeadcfg/ifmed\.zip$ /files/old-web/soft/misc/ibeadcfg/ifmed.zip [R=301,L]
RewriteRule ^soft/misc/theatre/theatre_bin\.zip$ /files/old-web/soft/misc/theatre/theatre_bin.zip [R=301,L]
RewriteRule ^soft/misc/theatre/pinexpert\.exe$ /files/old-web/soft/misc/theatre/pinexpert.exe [R=301,L]
RewriteRule ^soft/misc/ttfdumper2/ttfdumper2_bin\.zip$ /files/old-web/soft/misc/ttfdumper2/ttfdumper2_bin.zip [R=301,L]
RewriteRule ^soft/misc/ttfdumper2/ttfdumper2_src\.zip$ /files/old-web/soft/misc/ttfdumper2/ttfdumper2_src.zip [R=301,L]
RewriteRule ^soft/fenweb\.zip$ /files/old-web/soft/fenweb.zip [R=301,L]
RewriteRule ^soft/quicklaunch_bin\.zip$ /files/old-web/soft/quicklaunch_bin.zip [R=301,L]
RewriteRule ^soft/quicklaunch_src\.zip$ /files/old-web/soft/quicklaunch_src.zip [R=301,L]
RewriteRule ^soft/lienslnk_bin\.zip$ /files/old-web/soft/lienslnk_bin.zip [R=301,L]
RewriteRule ^soft/lienslnk_src\.zip$ /files/old-web/soft/lienslnk_src.zip [R=301,L]
RewriteRule ^soft/rendate\.zip$ /files/old-web/soft/rendate.zip [R=301,L]
RewriteRule ^soft/rendate_dos\.zip$ /files/old-web/soft/rendate_dos.zip [R=301,L]
RewriteRule ^soft/vdbatch/vdbatch_bin\.zip$ /files/old-web/soft/vdbatch/vdbatch_bin.zip [R=301,L]
RewriteRule ^soft/vdbatch/vdbatch_src\.zip$ /files/old-web/soft/vdbatch/vdbatch_src.zip [R=301,L]
RewriteRule ^soft/xml/xmldiff/xml2flat\.xsl$ /files/old-web/soft/xml/xmldiff/xml2flat.xsl [R=301,L]
RewriteRule ^soft/xml/xmldiff/msxsl\.exe$ /files/old-web/soft/xml/xmldiff/msxsl.exe [R=301,L]
RewriteRule ^soft/xml/xmldiff/flat2xml\.exe$ /files/old-web/soft/xml/xmldiff/flat2xml.exe [R=301,L]
RewriteRule ^soft/xml/xmldiff/flat2xml\.cpp$ /files/old-web/soft/xml/xmldiff/flat2xml.cpp [R=301,L]
RewriteRule ^soft/xml/xmldiff/rediff\.sh$ /files/old-web/soft/xml/xmldiff/rediff.sh [R=301,L]
RewriteRule ^soft/xml/xmldiff/undiff\.sh$ /files/old-web/soft/xml/xmldiff/undiff.sh [R=301,L]
RewriteRule ^win/bkmtoolbar_release\.zip$ /files/old-web/win/bkmtoolbar_release.zip [R=301,L]
RewriteRule ^win/bkmtoolbar_src\.zip$ /files/old-web/win/bkmtoolbar_src.zip [R=301,L]
RewriteRule ^win/capslock2lshift\.reg$ /files/old-web/win/capslock2lshift.reg [R=301,L]
RewriteRule ^win/winfm/winfm\.zip$ /files/old-web/win/winfm/winfm.zip [R=301,L]
RewriteRule ^soft/misc/launcher/launcher_scr\.jpg$ /files/old-web/soft/misc/launcher/launcher_scr.jpg [R=301,L]
RewriteRule ^soft/misc/launcher/launcher_bin\.zip$ /files/old-web/soft/misc/launcher/launcher_bin.zip [R=301,L]
RewriteRule ^soft/misc/launcher/launcher_src\.zip$ /files/old-web/soft/misc/launcher/launcher_src.zip [R=301,L]
RewriteRule ^soft/misc/im/intellimenu_bin\.zip$ /files/old-web/soft/misc/im/intellimenu_bin.zip [R=301,L]
RewriteRule ^soft/misc/im/intellimenu_src\.zip$ /files/old-web/soft/misc/im/intellimenu_src.zip [R=301,L]
RewriteRule ^soft/misc/im/intellimenu_debug\.zip$ /files/old-web/soft/misc/im/intellimenu_debug.zip [R=301,L]
RewriteRule ^ecp/anoto_montage\.jpg$ /files/old-web/ecp/anoto_montage.jpg [R=301,L]
RewriteRule ^ecp/rapport_flux\.png$ /files/old-web/ecp/rapport_flux.png [R=301,L]
RewriteRule ^soft/cassette\.xls$ /files/old-web/soft/cassette.xls [R=301,L]
RewriteRule ^soft/cluster\.exe$ /files/old-web/soft/cluster.exe [R=301,L]
RewriteRule ^soft/code\.exe$ /files/old-web/soft/code.exe [R=301,L]
RewriteRule ^soft/code\.hlp$ /files/old-web/soft/code.hlp [R=301,L]
RewriteRule ^soft/genlab\.pas$ /files/old-web/soft/genlab.pas [R=301,L]
RewriteRule ^soft/init\.com$ /files/old-web/soft/init.com [R=301,L]
RewriteRule ^soft/init\.asm$ /files/old-web/soft/init.asm [R=301,L]
RewriteRule ^soft/kwirk89\.zip$ /files/old-web/soft/kwirk89.zip [R=301,L]
RewriteRule ^soft/nohtml\.exe$ /files/old-web/soft/nohtml.exe [R=301,L]
RewriteRule ^soft/nohtml\.pas$ /files/old-web/soft/nohtml.pas [R=301,L]
RewriteRule ^soft/savemem\.com$ /files/old-web/soft/savemem.com [R=301,L]
RewriteRule ^soft/savemem\.asm$ /files/old-web/soft/savemem.asm [R=301,L]
RewriteRule ^soft/syspause\.exe$ /files/old-web/soft/syspause.exe [R=301,L]
RewriteRule ^soft/syspause\.asm$ /files/old-web/soft/syspause.asm [R=301,L]
RewriteRule ^soft/winfont\.exe$ /files/old-web/soft/winfont.exe [R=301,L]
RewriteRule ^soft/winfont\.pas$ /files/old-web/soft/winfont.pas [R=301,L]
RewriteRule ^soft/zip\.xls$ /files/old-web/soft/zip.xls [R=301,L]
RewriteCond %{QUERY_STRING} ^/archives/1-Ouverture-du-BLOG.html$
RewriteRule ^blog/wrapper\.php$ /2005/05/ouverture-du-blog/ [R=301,L]
RewriteCond %{QUERY_STRING} ^/archives/2-Les-Petites-Arnaques-des-Grandes-Surfaces.html$
RewriteRule ^blog/wrapper\.php$ /2005/05/les-petites-arnaques-des-grandes-surfaces/ [R=301,L]
RewriteCond %{QUERY_STRING} ^/archives/3-Ferie-nest-pas-joue.html$
RewriteRule ^blog/wrapper\.php$ /2005/05/ferie-nest-pas-joue/%22 [R=301,L]
RewriteCond %{QUERY_STRING} ^/archives/4-Miroir,-dis-moi-quelle-est-la-poubelle....html$
RewriteRule ^blog/wrapper\.php$ /2005/05/miroir-dis-moi-quelle-est-la-poubelle/%22 [R=301,L]
RewriteCond %{QUERY_STRING} ^/archives/5-Pourquoi-le-referendum-pour-la-constitution-part-perdant..html$
RewriteRule ^blog/wrapper\.php$ /2005/05/pourquoi-le-referendum-pour-la-constitution-part-perdant/ [R=301,L]
RewriteCond %{QUERY_STRING} ^/archives/6-La-publicite-mensongere-ne-coute-pas-cher-!.html$
RewriteRule ^blog/wrapper\.php$ /2005/06/la-publicite-mensongere-ne-coute-pas-cher/ [R=301,L]
RewriteCond %{QUERY_STRING} ^/archives/7-La-Sarge-Debian-3.1-est-enfin-sortie-!.html$
RewriteRule ^blog/wrapper\.php$ /2005/06/la-sarge-debian-3-1-est-enfin-sortie/ [R=301,L]
RewriteCond %{QUERY_STRING} ^/archives/8-Mise-a-jour-de-Gui-It-!.html$
RewriteRule ^blog/wrapper\.php$ /2005/07/mise-a-jour-de-gui-it/ [R=301,L]
RewriteCond %{QUERY_STRING} ^/archives/9-Kwirk-pour-i-mode-!.html$
RewriteRule ^blog/wrapper\.php$ /2005/07/kwirk-pour-i-mode/ [R=301,L]
RewriteCond %{QUERY_STRING} ^/archives/10-Plugin-GIMP-fourier-0.3.0.html$
RewriteRule ^blog/wrapper\.php$ /2005/08/plugin-gimp-fourier-0-3-0/ [R=301,L]
RewriteCond %{QUERY_STRING} ^/archives/11-Back-from-Peru.html$
RewriteRule ^blog/wrapper\.php$ /2005/09/back-from-peru/ [R=301,L]
RewriteCond %{QUERY_STRING} ^/archives/12-Tiscali-Alice-le-supplice.html$
RewriteRule ^blog/wrapper\.php$ /2005/10/tiscali-alice-le-supplice/ [R=301,L]
RewriteCond %{QUERY_STRING} ^/archives/13-SFR-apprend-le-Haut-Debit.html$
RewriteRule ^blog/wrapper\.php$ /2005/10/sfr-apprend-le-haut-debit/ [R=301,L]
RewriteCond %{QUERY_STRING} ^/archives/14-The-Campagne-de-Publicite.html$
RewriteRule ^blog/wrapper\.php$ /2005/11/the-campagne-de-publicite/ [R=301,L]
RewriteCond %{QUERY_STRING} ^/archives/15-Quand-les-Majors-de-la-musique-jouent-au-Pirates.html$
RewriteRule ^blog/wrapper\.php$ /2005/11/quand-les-majors-de-la-musique-jouent-au-pirates/ [R=301,L]
RewriteCond %{QUERY_STRING} ^/archives/16-Bienvenue-chez-Free.html$
RewriteRule ^blog/wrapper\.php$ /2005/12/bienvenue-chez-free/ [R=301,L]
RewriteCond %{QUERY_STRING} ^/archives/17-Amende-record-pour-les-3-operateurs-mobiles.html$
RewriteRule ^blog/wrapper\.php$ /2005/12/amende-record-pour-les-3-operateurs-mobiles/ [R=301,L]
RewriteCond %{QUERY_STRING} ^/archives/18-Le-Pere-Nol-de-FreeTV-offre-le-multiposte.html$
RewriteRule ^blog/wrapper\.php$ /2005/12/le-pere-noel-de-freetv-offre-le-multiposte/%22 [R=301,L]
RewriteCond %{QUERY_STRING} ^/archives/19-Petit-comparatif-vendeurs-Auchan,-Darty-et-FNAC.html$
RewriteRule ^blog/wrapper\.php$ /2006/01/petit-comparatif-vendeurs-auchan-darty-et-fnac/%22 [R=301,L]
RewriteCond %{QUERY_STRING} ^/archives/20-Cadeau-exclusif-et-code-Promotion-pour-payer-plus-cher.html$
RewriteRule ^blog/wrapper\.php$ /2006/02/cadeau-exclusif-et-code-promotion-pour-payer-plus-cher/ [R=301,L]
RewriteCond %{QUERY_STRING} ^/archives/21-libxmldiff-0.2.4.html$
RewriteRule ^blog/wrapper\.php$ /2006/03/libxmldiff-0-2-4/ [R=301,L]
RewriteCond %{QUERY_STRING} ^/archives/22-Versailles-au-Nord-Ouest-de-Paris.html$
RewriteRule ^blog/wrapper\.php$ /2006/03/versailles-au-nord-ouest-de-paris/ [R=301,L]
RewriteCond %{QUERY_STRING} ^/archives/23-Comment-Perdre-une-Election.html$
RewriteRule ^blog/wrapper\.php$ /2006/03/comment-perdre-une-election/ [R=301,L]
RewriteCond %{QUERY_STRING} ^/archives/24-Les-premiers-pas-titubants-des-caisses-automatiques-chez-Auchan.html$
RewriteRule ^blog/wrapper\.php$ /2006/04/les-premiers-pas-titubants-des-caisses-automatiques-chez-auchan/ [R=301,L]
RewriteCond %{QUERY_STRING} ^/archives/25-Freebox-HD-La-Revelation.html$
RewriteRule ^blog/wrapper\.php$ /2006/04/freebox-hd-la-revelation/ [R=301,L]
RewriteCond %{QUERY_STRING} ^/archives/26-Kwirk-pour-Samsung-S500i.html$
RewriteRule ^blog/wrapper\.php$ /2006/04/kwirk-pour-samsung-s500i/ [R=301,L]
RewriteCond %{QUERY_STRING} ^/archives/27-Programme-du-PS-Pas-Plus-de-Smic-!.html$
RewriteRule ^blog/wrapper\.php$ /2006/06/programme-du-ps-pas-plus-de-smic/ [R=301,L]
RewriteCond %{QUERY_STRING} ^/archives/29-RPhoto-0.3.0.html$
RewriteRule ^blog/wrapper\.php$ /2006/07/rphoto-0-3-0/ [R=301,L]
RewriteCond %{QUERY_STRING} ^/archives/30-xmlTreeNav-0.3.0.html$
RewriteRule ^blog/wrapper\.php$ /2006/07/xmltreenav-0-3-0/ [R=301,L]
RewriteCond %{QUERY_STRING} ^/archives/31-Mesurer-la-rapidite-de-son-appareil-photo-Chronometer.html$
RewriteRule ^blog/wrapper\.php$ /2006/08/mesurer-la-rapidite-de-son-appareil-photo-chronometer/ [R=301,L]
RewriteCond %{QUERY_STRING} ^/archives/33-RPhoto-0.3.2.html$
RewriteRule ^blog/wrapper\.php$ /2008/09/rphoto-0-3-2/ [R=301,L]
RewriteCond %{QUERY_STRING} ^/archives/34-Mises-a-jour-de-xmlTreeNav-0.3.1-et-libxmldiff-0.2.6.html$
RewriteRule ^blog/wrapper\.php$ /2008/09/mises-a-jour-de-xmltreenav-0-3-1-et-libxmldiff-0-2-6/ [R=301,L]
RewriteCond %{QUERY_STRING} ^/archives/36-Quelle-proportion-de-programme-utile-dans-une-emission-de-Real-TV.html$
RewriteRule ^blog/wrapper\.php$ /2009/04/quelle-proportion-de-programme-utile-dans-une-emission-de-real-tv/ [R=301,L]
RewriteCond %{QUERY_STRING} ^/archives/38-Avis-sur-le-Verbatim-MediaStation-640-Go.html$
RewriteRule ^blog/wrapper\.php$ /2009/09/avis-sur-le-verbatim-mediastation-640-go/ [R=301,L]
RewriteCond %{QUERY_STRING} ^/archives/39-Avis-sur-WE-Digital-One-500-Go.html$
RewriteRule ^blog/wrapper\.php$ /2009/09/avis-sur-we-digital-one-500-go/ [R=301,L]
RewriteCond %{QUERY_STRING} ^/archives/40-Avis-sur-le-Samsung-HTZ-220.html$
RewriteRule ^blog/wrapper\.php$ /2009/09/avis-sur-le-samsung-htz-220/ [R=301,L]
RewriteCond %{QUERY_STRING} ^/archives/41-Plugin-GIMP-fourier-en-version-0.4.0.html$
RewriteRule ^blog/wrapper\.php$ /2009/10/plugin-gimp-fourier-en-version-0-4-0/ [R=301,L]
RewriteCond %{QUERY_STRING} ^/archives/42-RPhoto-0.4.0.html$
RewriteRule ^blog/wrapper\.php$ /2009/10/rphoto-0-4-0/%22 [R=301,L]
RewriteCond %{QUERY_STRING} ^/archives/43-Pour-vous,-quest-ce-que-ce-debat-sur-lidentite-nationale.html$
RewriteRule ^blog/wrapper\.php$ /2009/11/pour-vous-quest-ce-que-ce-debat-sur-lidentite-nationale/%22 [R=301,L]
RewriteCond %{QUERY_STRING} ^/archives/44-La-quantique-des-indicateurs.html$
RewriteRule ^blog/wrapper\.php$ /2009/11/la-quantique-des-indicateurs-2/ [R=301,L]
RewriteCond %{QUERY_STRING} ^/archives/45-La-quantique-des-indicateurs.html$
RewriteRule ^blog/wrapper\.php$ /2009/11/la-quantique-des-indicateurs-2/ [R=301,L]
RewriteCond %{QUERY_STRING} ^/archives/46-Avis-sur-Ozmeo-Be-Light.html$
RewriteRule ^blog/wrapper\.php$ /2010/01/avis-sur-ozmeo-be-light/ [R=301,L]
RewriteCond %{QUERY_STRING} ^/archives/48-La-Terre-est-ronde-!.html$
RewriteRule ^blog/wrapper\.php$ /2010/08/la-terre-est-ronde/ [R=301,L]
RewriteCond %{QUERY_STRING} ^/archives/49-RPhoto-0.4.1.html$
RewriteRule ^blog/wrapper\.php$ /2012/05/rphoto-0-4-1/ [R=301,L]
RewriteCond %{QUERY_STRING} ^/archives/50-RPhoto-0.4.2.html$
RewriteRule ^blog/wrapper\.php$ /2012/07/rphoto-0-4-2/ [R=301,L]
RewriteCond %{QUERY_STRING} ^/archives/51-Plugin-button-pour-Dokuwiki.html$
RewriteRule ^blog/wrapper\.php$ /2013/05/plugin-button-pour-dokuwiki/ [R=301,L]
RewriteCond %{QUERY_STRING} ^/archives/52-Bienvenue-sur-lprp.fr.html$
RewriteRule ^blog/wrapper\.php$ /2013/05/bienvenue-sur-lprp-fr/ [R=301,L]
RewriteCond %{QUERY_STRING} ^/archives/53-Reparation-Lave-Linge-Indesit-WL126-et-Obsolescence-Programmee.html$
RewriteRule ^blog/wrapper\.php$ /2013/06/reparation-lave-linge-indesit-wl126-et-obsolescence-programmee/ [R=301,L]
RewriteCond %{QUERY_STRING} ^/archives/54-Reparation-Lave-Linge-Indesit-WL126-et-Obsolescence-Programmee.html$
RewriteRule ^blog/wrapper\.php$ /2013/06/reparation-lave-linge-indesit-wl126-et-obsolescence-programmee/ [R=301,L]
RewriteCond %{QUERY_STRING} ^/archives/55-RPhoto-0.4.3.html$
RewriteRule ^blog/wrapper\.php$ /2013/06/rphoto-0-4-3/ [R=301,L]
RewriteCond %{QUERY_STRING} ^/archives/56-Fin-du-service-de-dyndns-Dyn.com.html$
RewriteRule ^blog/wrapper\.php$ /2014/04/fin-du-service-de-dyndns-dyn-com/ [R=301,L]
RewriteCond %{QUERY_STRING} ^/archives/57-Mises-a-jour-diverses-plugin-gimp-fourier-et-dokuwiki-buttons.html$
RewriteRule ^blog/wrapper\.php$ /2014/04/mises-a-jour-diverses-plugin-gimp-fourier-et-dokuwiki-buttons/ [R=301,L]
RewriteCond %{QUERY_STRING} ^/archives/58-Mise-a-jour-du-plugin-dokuwiki.html$
RewriteRule ^blog/wrapper\.php$ /2015/05/mise-a-jour-du-plugin-dokuwiki/ [R=301,L]
RewriteCond %{QUERY_STRING} ^/archives/59-Mise-a-jour-du-plugin-button-pour-dokuwiki.html$
RewriteRule ^blog/wrapper\.php$ /2015/08/mise-a-jour-du-plugin-button-pour-dokuwiki/ [R=301,L]
RewriteCond %{QUERY_STRING} ^/archives/61-Mises-a-jour-xmlTreeNav-et-RPhoto.html$
RewriteRule ^blog/wrapper\.php$ /2015/09/mises-a-jour-xmltreenav-et-rphoto/ [R=301,L]
RewriteCond %{QUERY_STRING} ^/archives/64-xmlTreeNav-v0.3.3.html$
RewriteRule ^blog/wrapper\.php$ /2016/11/xmltreenav-v0-3-3/ [R=301,L]
RewriteCond %{QUERY_STRING} ^/archives/65-Mise-a-jour-du-plugin-button-pour-Dokuwiki.html$
RewriteRule ^blog/wrapper\.php$ /2016/11/mise-a-jour-du-plugin-button-pour-dokuwiki-2/ [R=301,L]
RewriteCond %{QUERY_STRING} ^/archives/66-Publications-sous-GitHub.html$
RewriteRule ^blog/wrapper\.php$ /2017/08/publications-sous-github/ [R=301,L]
RewriteCond %{QUERY_STRING} ^/archives/35-Plugin-xslt-pour-Dokuwiki.html$
RewriteRule ^blog/wrapper\.php$ /2009/03/dokuwikixslt/ [R=301,L]
RewriteCond %{QUERY_STRING} ^/archives/37-Plugin-embedover-pour-Dokuwiki.html$
RewriteRule ^blog/wrapper\.php$ /2009/05/dokuwikiembedover/ [R=301,L]
RewriteCond %{QUERY_STRING} ^/archives/47-WaveTab-1.0.html$
RewriteRule ^blog/wrapper\.php$ /2010/01/wavetab/ [R=301,L]
RewriteCond %{QUERY_STRING} ^/archives/60-VSFolderMove-deplacer-presque-facilement-le-repertoire-personnel-de-Visual-Studio.html$
RewriteRule ^blog/wrapper\.php$ /2015/08/vsfoldermove/ [R=301,L]
RewriteCond %{QUERY_STRING} ^/archives/62-Comparaison-du-Sony-RX100-et-Panasonic-TZ10.html$
RewriteRule ^blog/wrapper\.php$ /2015/09/rx100vstz10/ [R=301,L]
RewriteCond %{QUERY_STRING} ^/archives/63-Appareil-Photo-et-Infrarouge.html$
RewriteRule ^blog/wrapper\.php$ /2016/07/infrarouge-et-apn/ [R=301,L]
RewriteCond %{QUERY_STRING} ^/categories/8-Avis-Conso$
RewriteRule ^blog/wrapper\.php$ /category/avis-conso/ [R=301,L]
RewriteCond %{QUERY_STRING} ^/categories/9-Divers$
RewriteRule ^blog/wrapper\.php$ /category/divers/ [R=301,L]
RewriteCond %{QUERY_STRING} ^/categories/1-General$
RewriteRule ^blog/wrapper\.php$ /category/general/ [R=301,L]
RewriteCond %{QUERY_STRING} ^/categories/2-Humeurs$
RewriteRule ^blog/wrapper\.php$ /category/humeurs/ [R=301,L]
RewriteCond %{QUERY_STRING} ^/categories/4-Informatique$
RewriteRule ^blog/wrapper\.php$ /category/informatique/ [R=301,L]
RewriteCond %{QUERY_STRING} ^/categories/6-RPhoto$
RewriteRule ^blog/wrapper\.php$ /category/informatique/rphoto/ [R=301,L]
RewriteCond %{QUERY_STRING} ^/categories/7-libxmldiff$
RewriteRule ^blog/wrapper\.php$ /category/informatique/libxmldiff/ [R=301,L]
RewriteCond %{QUERY_STRING} ^/categories/3-Politique$
RewriteRule ^blog/wrapper\.php$ /category/politique/ [R=301,L]
RewriteCond %{QUERY_STRING} ^/categories/5-Telecoms$
RewriteRule ^blog/wrapper\.php$ /category/telecoms/ [R=301,L]
RewriteCond %{QUERY_STRING} ^/feeds/$
RewriteRule ^blog/wrapper\.php$ /feed/ [R=301,L]
RewriteCond %{QUERY_STRING} ^/feeds/categories/8-Avis-Conso.rss$
RewriteRule ^blog/wrapper\.php$ /category/avis-conso/feed/ [R=301,L]
RewriteCond %{QUERY_STRING} ^/feeds/categories/9-Divers.rss$
RewriteRule ^blog/wrapper\.php$ /category/divers/feed/ [R=301,L]
RewriteCond %{QUERY_STRING} ^/feeds/categories/1-General.rss$
RewriteRule ^blog/wrapper\.php$ /category/general/feed/ [R=301,L]
RewriteCond %{QUERY_STRING} ^/feeds/categories/2-Humeurs.rss$
RewriteRule ^blog/wrapper\.php$ /category/humeurs/feed/ [R=301,L]
RewriteCond %{QUERY_STRING} ^/feeds/categories/4-Informatique.rss$
RewriteRule ^blog/wrapper\.php$ /category/informatique/feed/ [R=301,L]
RewriteCond %{QUERY_STRING} ^/feeds/categories/6-RPhoto.rss$
RewriteRule ^blog/wrapper\.php$ /category/informatique/rphoto/feed/ [R=301,L]
RewriteCond %{QUERY_STRING} ^/feeds/categories/7-libxmldiff.rss$
RewriteRule ^blog/wrapper\.php$ /category/informatique/libxmldiff/feed/ [R=301,L]
RewriteCond %{QUERY_STRING} ^/feeds/categories/3-Politique.rss$
RewriteRule ^blog/wrapper\.php$ /category/politique/feed/ [R=301,L]
RewriteCond %{QUERY_STRING} ^/feeds/categories/5-Telecoms.rss$
RewriteRule ^blog/wrapper\.php$ /category/telecoms/feed/ [R=301,L]
RewriteRule ^wiki/feed\.php$ /feed/ [R=301,L]
RewriteRule ^wiki/android_x86_sur_eeepc$ /?p=1552 [R=301,L]
RewriteRule ^wiki/cours_de_francais$ /?p=1552 [R=301,L]
RewriteRule ^wiki/divers_trucs_pour_windows$ /?p=1552 [R=301,L]
RewriteRule ^wiki/dokuwikibutton$ /?p=1552 [R=301,L]
RewriteRule ^wiki/dokuwikiembedover$ /?p=1552 [R=301,L]
RewriteRule ^wiki/dokuwikixslt$ /?p=1552 [R=301,L]
RewriteRule ^wiki/dyndns_autologin$ /?p=1552 [R=301,L]
RewriteRule ^wiki/ecologie$ /?p=1552 [R=301,L]
RewriteRule ^wiki/epargne_logement$ /?p=1552 [R=301,L]
RewriteRule ^wiki/filter_wan_traffic_with_qemu$ /?p=1552 [R=301,L]
RewriteRule ^wiki/fourre-tout$ /?p=1552 [R=301,L]
RewriteRule ^wiki/freetv$ /?p=1552 [R=301,L]
RewriteRule ^wiki/galaxy_s2$ /?p=1552 [R=301,L]
RewriteRule ^wiki/gallery_1$ /?p=1552 [R=301,L]
RewriteRule ^wiki/gcp$ /?p=1552 [R=301,L]
RewriteRule ^wiki/geotag$ /?p=1552 [R=301,L]
RewriteRule ^wiki/gtkdatetime_widget$ /?p=1394 [R=301,L]
RewriteRule ^wiki/htc_wildfire$ /?p=1395 [R=301,L]
RewriteRule ^wiki/infrarouge_et_apn$ /?p=1396 [R=301,L]
RewriteRule ^wiki/japon2008$ /?p=1552 [R=301,L]
RewriteRule ^wiki/libvs$ /?p=1398 [R=301,L]
RewriteRule ^wiki/mada2007$ /?p=1552 [R=301,L]
RewriteRule ^wiki/migrating_to_github$ /?p=1400 [R=301,L]
RewriteRule ^wiki/normaliser_les_artistes_mp3_avec_musicbrainz$ /?p=1401 [R=301,L]
RewriteRule ^wiki/pdf-build\.py$ /?p=1402 [R=301,L]
RewriteRule ^wiki/proxmox$ /?p=1404 [R=301,L]
RewriteRule ^wiki/recover_from_disk_accident_crash$ /?p=1405 [R=301,L]
RewriteRule ^wiki/roaming_profiles_linux$ /?p=1406 [R=301,L]
RewriteRule ^wiki/rx100vstz10$ /?p=1407 [R=301,L]
RewriteRule ^wiki/scriptfu-iphoneicon$ /?p=1408 [R=301,L]
RewriteRule ^wiki/start$ /?p=1552 [R=301,L]
RewriteRule ^wiki/stockage_photos$ /?p=1410 [R=301,L]
RewriteRule ^wiki/tests$ /?p=1552 [R=301,L]
RewriteRule ^wiki/ubuntu$ /?p=1412 [R=301,L]
RewriteRule ^wiki/upnp_dlna$ /?p=1413 [R=301,L]
RewriteRule ^wiki/vlc$ /?p=1414 [R=301,L]
RewriteRule ^wiki/voyage2006$ /?p=1552 [R=301,L]
RewriteRule ^wiki/vsfoldermove$ /?p=1416 [R=301,L]
RewriteRule ^wiki/vstips$ /?p=1417 [R=301,L]
RewriteRule ^wiki/wavetab$ /?p=1418 [R=301,L]
RewriteRule ^wiki/wxwidgets_stuff$ /?p=1419 [R=301,L]
RewriteRule ^2017/06/cv/$ /cv/ [R=301,L]
RewriteRule ^2017/06/cv_en/$ /cv-en/ [R=301,L]
RewriteRule ^2005/03/tpi/$ /2002/02/tpi/ [R=301,L]
RewriteRule ^2004/11/sovirgule/$ /2003/06/sovirgule/ [R=301,L]
RewriteRule ^2013/02/ooovirg_en/$ /2003/06/ooovirg_en/ [R=301,L]
RewriteRule ^2003/06/ooovirg_en/$ /2004/06/ooovirg_en/ [R=301,L]
RewriteRule ^2004/11/sovirgule_en/$ /2003/06/sovirgule_en/ [R=301,L]
RewriteRule ^2004/11/bkmtoolbar_en/$ /2003/03/bkmtoolbar_en/ [R=301,L]
RewriteRule ^2004/11/site/$ /2000/11/site/ [R=301,L]
RewriteRule ^2006/01/scripts_en/$ /2001/01/scripts_en/ [R=301,L]
RewriteRule ^2004/11/ibeadcfg/$ /2004/01/ibeadcfg/ [R=301,L]
RewriteRule ^2004/11/ibeadcfg_en/$ /2004/01/ibeadcfg_en/ [R=301,L]
RewriteRule ^2006/02/guiit_en-2/$ /2006/02/guiit_en/ [R=301,L]
RewriteRule ^2004/11/softdos/$ /1999/11/softdos/ [R=301,L]
RewriteRule ^gallery/$ /gallery-en/ [R=301,L]
RewriteRule ^2018/10/migration-vers-wordpress/$ /2018/11/migration-vers-wordpress/ [R=301,L]
RewriteRule ^2016/08/other_en/$ /2004/08/other_en/ [R=301,L]
RewriteRule ^2014/04/gimp_devpack_en/$ /2005/02/gimp_devpack_en/ [R=301,L]
RewriteRule ^2013/05/m341ed/$ /2004/05/m341ed/ [R=301,L]
RewriteRule ^2005/06/2004-japon/$ /2005/02/2004-japon/ [R=301,L]
RewriteRule ^2005/03/gimp_plugin_en-2/$ /2002/05/gimp_plugin_en-2/ [R=301,L]
RewriteRule ^2005/03/xmldiff1_en/$ /2004/02/xmldiff1_en/ [R=301,L]
RewriteRule ^2004/11/winfm/$ /2001/09/winfm/ [R=301,L]
RewriteRule ^2004/11/xmltreenav_en/$ /2004/05/xmltreenav_en/ [R=301,L]
RewriteRule ^2004/11/xmlprediff_en/$ /2003/10/xmlprediff_en/ [R=301,L]
RewriteRule ^2004/11/launcher_en/$ /2004/01/launcher_en/ [R=301,L]
RewriteRule ^2004/11/dsp_en/$ /2003/02/dsp_en/ [R=301,L]
RewriteRule ^2004/11/web/$ /2000/11/web/ [R=301,L]
RewriteRule ^2004/11/pascal/$ /2000/11/pascal/ [R=301,L]
RewriteRule ^2004/11/caml/$ /2000/11/caml/ [R=301,L]
RewriteRule ^2004/11/delphi/$ /2000/11/delphi/ [R=301,L]
RewriteRule ^2004/11/asm/$ /2000/11/asm/ [R=301,L]
RewriteRule ^2004/11/algo-laby/$ /2000/11/algo-laby/ [R=301,L]
RewriteRule ^2004/11/marees/$ /1999/05/marees/ [R=301,L]
RewriteRule ^2004/11/cablecasio/$ /2000/10/cablecasio/ [R=301,L]
RewriteRule ^2004/11/echecs/$ /2001/10/echecs/ [R=301,L]
RewriteRule ^2004/11/form_respform/$ /2001/09/form_respform/ [R=301,L]
RewriteRule ^2004/11/form_adminnt_clean/$ /2001/09/form_adminnt_clean/ [R=301,L]
RewriteRule ^2004/11/news/$ /0200/09/news/ [R=301,L]
RewriteRule ^0200/09/news/$ /2001/09/news/ [R=301,L]
RewriteRule ^2004/11/ti/$ /2001/12/ti/ [R=301,L]
RewriteRule ^2004/11/kwirk-ti/$ /1998/02/kwirk-ti/ [R=301,L]
RewriteRule ^2004/11/triboum/$ /1995/07/triboum/ [R=301,L]
RewriteRule ^2004/11/runtimes/$ /1995/07/runtimes/ [R=301,L]
RewriteRule ^2004/11/puissan4/$ /1995/07/puissan4/ [R=301,L]
RewriteRule ^2004/11/prgdiv1/$ /1995/07/prgdiv1/ [R=301,L]
RewriteRule ^2004/11/poker/$ /1995/07/poker/ [R=301,L]
RewriteRule ^2004/11/menu/$ /1995/07/menu/ [R=301,L]
RewriteRule ^2004/11/math_div/$ /1995/07/math_div/ [R=301,L]
RewriteRule ^2004/11/master/$ /1995/07/master/ [R=301,L]
RewriteRule ^2004/11/labymast/$ /1995/07/labymast/ [R=301,L]
RewriteRule ^2004/11/jeux1/$ /1995/07/jeux1/ [R=301,L]
RewriteRule ^2004/11/demineur/$ /1995/07/demineur/ [R=301,L]
RewriteRule ^2004/11/cheval/$ /1995/07/cheval/ [R=301,L]
RewriteRule ^2004/11/casio/$ /2000/10/casio/ [R=301,L]
RewriteRule ^index\.php3$ / [R=301,L]
RewriteCond %{QUERY_STRING} ^id=feed.php$
RewriteRule ^wiki/doku\.php$ /feed/ [R=301,L]
RewriteRule ^tests/toto$ /toto [R=301,L]
</IfModule>

# End of Redirection
